,clean_text,sentiment
0,penafian berkenaan sistem padu yang tular di media sosial dosmpahang dosm pahang,1
1,penafian berkenaan sistem padu yang tular di media sosial dosmpahang dosm pahang,1
2,penafian berkenaan sistem padu yang tular di media sosial dosmpahang dosm pahang,1
3,penafian berkenaan sistem padu yang tular di media sosial dosmpahang dosm pahang,1
4,penafian berkenaan sistem padu yang tular di media sosial dosmpahang dosm pahang https://t.co/cEcRdRq8I1,0
5,komitmen padu 2025 kerajaan kurangkan hutang rakyat malaysiamadani hutangnegara,2
6,Belanjawan 2025 komitmen padu kerajaan kurangkan hutang malaysiamadani hutangnegara,0
7,belanjawan 2025 komitmen padu kerajaan kurangkan hutang rakyat mundingiamadani hutangnegara,2
8,belanjawan 2025 komitmen padu kerajaan kurangkan hutang malaysiamadani hutangnegara,0
9,belanjawan 2025 komitmen padu kerajaan kurangkan hutang malaysiamadani hutangnegara,0
10,bayangkan sebelum ini kalau nak berurusan dengan 3 institusi sektor awam kita perlu isi banyak dokumen berbeza dan bawa berpuluh dokumen sokongan tapi maklumat yang diisi hampir sama sekarang di bawah pengkalan data utama padu semua data di bawah satu bumbung,1
11,bayangkan sebelum ini kalau nak berurusan dengan 3 institusi sektor awam kita perlu isi banyak dokumen berbeza dan bawa berpuluh dokumen sokongan tapi maklumat yang diisi hampir sama sekarang di bawah pengkalan data utama padu semua data di bawah satu bumbung,1
12,bayangkan sebelum ini kalau nak berurusan dengan 3 institusi sektor awam kita perlu isi banyak dokumen berbeza dan bawa berpuluh dokumen sokongan tapi maklumat yang diisi hampir sama sekarang di bawah pengkalan data utama padu semua data di bawah satu bumbung,1
13,bayangkan sebelum ini kalau nak berurusan dengan 3 institusi sektor awam kita perlu isi banyak dokumen berbeza dan bawa berpuluh dokumen sokongan tapi maklumat yang diisi hampir sama sekarang di bawah pengkalan data utama padu semua data di bawah satu bumbung,1
14,bayangkan sebelum ini kalau nak berurusan dengan 3 institusi sektor awam kita perlu isi banyak dokumen berbeza dan bawa berpuluh dokumen sokongan tapi maklumat yang diisi hampir sama sekarang di bawah pengkalan data utama padu semua data di bawah satu bumbung,1
15,tarikh akhir ahad ni pendaftaran pangkalan data utama padu mendapat sambutan paling hangat  pangsapuri mutiara fadason kepong kuala lumpur  forkepong forkepong,0
16,tarikh akhir ahad ini pendaftaran pangkalan data utama padu mendapat sambutan tersangat hangat di pangsapuri mutiara fadason kepong kuala lumpur padu forkepong,2
17,"

Tarikh Akhir pada hari Ahad ini pendaftaran pangkalan data utama padu mendapat sambutan tersangat hangat di pangsapuri mutiara fadason kepong kuala lumpur padu forkepong https://t.co/GvXZsCcBfK",1
18, tarikh akhir ahad ini pendaftaran pangkalan data utama padu mendapat sambutan tersangat hangat di pangsapuri mutiara fadason kepong kuala lumpur  padu forkepong,2
19,tarikh akhir pada ahad ini pendaftaran pangkalan data utama padu mendapat sambutan yang amat hangat di pangsapuri mutiara fadason kepong kuala lumpur padu forkepong,2
20,ng wait for lead database launch party,1
21,  tengah tunggu event launch padu pangkalan data utama,1
22,  tengah tunggu majlis pelancaran padu database utama,1
23,menunggu majlis peluncuran padu pangkalan data utama,1
24, waiting for key database pelancaran padu annment,1
25,last date padu buat postingnya  apa jadi pada pengkalan data utama bawahan madani ini  di mana tahap kebersanan dia  apa rekod kemajuan demi ekonomi or sistem data lebih cekap,1
26,last date padu buat postingnya  apa terjadi pada pengkalan data utama bawah madani ini di mana tahap kebersanan dia  apa rekod kemajuan demi ekonomi atau sistem data lebih cekap,1
27,last date padu buat postingnya  apa jadi pada pengkalan data utama bawah madani ini dimana tahap kebersanan dia  apa rekod kemajuan demi ekonomi or sistem data lebih cekap,1
28,last date padu buat postingnya  apa terjadi pada pengkalan data utama bawah madani ini  dimana tahap kebersanan dia apa rekod kemajuan demi ekonomi or system data lebih cekap,1
29,last date padu buat postingnya  apa jadi pada pengkalan data utama bawah madani ini  dimana tahap kebersanan dia apa rekod kemajuan demi ekonomi or system data lebih cekap,1
30,miti merupakan nadi utama dalam pengurusan operasi sektorsektor ekonomi dan memperkenalkan covid19 intelligent management system di mana ia merupakan pengkalan data komprehensif perniagaan daripada pelbagai sektor  pmrutcsabahshareinfo komunikasikita jabatanpenerangan,2
31,miti merupakan nadi utama dalam pengurusan operasi sektorsektor ekonomi dan memperkenalkan covid19 intelligent management system dimana ia merupakan pengkalan data komprehensif perniagaan daripada pelbagai sektor pmrutcsabahshareinfo komunikasikita jabatanpenerangan,2
32,miti merupakan nadi utama dalam pengurusan operasi sektorsektor ekonomi dan memperkenalkan covid19 intelligent management system dimana ia merupakan pengkalan data komprehensif perniagaan daripada pelbagai sektor pmrutcsabahshareinfo komunikasikita jabatanpenerangan,2
33,miti merupakan nadi utama dalam pengurusan operasi sektorsektor ekonomi dan memperkenalkan covid19 intelligent management system dimana ia merupakan pengkalan data komprehensif perniagaan daripada pelbagai sektor  pmrutcsabahshareinfo komunikasikita jabatanpenerangan,2
34,miti merupakan nadi utama dalam pengurusan operasi sektorsektor ekonomi dan memperkenalkan covid19 intelligent management system dimana ia merupakan pengkalan data komprehensif perniagaan daripada pelbagai sektor pmrutcsabahshareinfo komunikasikita jabatanpenerangan,2
35,start 2 januari 2024 korang boleh daftar and update info korang ke dalam sistem pangkalan data utama padu  sistem ini dibuka kepada pengguna sehingga 31 march 2024 sebarkan pautan portal padu fahmi fadzil,1
36,started 2 january 2024 korang boleh register and update your information into the  padu database system  sistem ni dibuka kepada pengguna sehingga 31 march 2024  sebarkan pautan portal padu fahmi fadzil,1
37,starting 2 january 2024 korang boleh daftar dan update info korang ke sistem padu  sistem ini dibuka kepada pengguna sehingga 31 march 2024 sebarkan link portal padu fahmi fadzil,1
38,start 2 januari 2024 korang boleh daftar dan update info korang ke dalam sistem  padu  sistem ini dibuka kepada pengguna sehingga 31 mac 2024 sebarkan  pautan portal padu fahmi fadzil,1
39,start 2 januari 2024 korang boleh daftar dan update maklumat korang ke dlm sistem pangkalan data utama padu sistem ni dibuka kepada pengguna sehingga 31 mac 2024 sebarkan link portal padu fahmi fadzil,1
40,pagi ini saya mengiringi yab datuk seri utama ab rauf bin yusoh ketua menteri melaka ke majlis pelancaran pengkalan data utama padu yang disempurnakan oleh yab dato seri anwar ibrahim perdana menteri malaysia di pusat konvensyen antarabangsa putrajaya picc seperti yang https://t.co/TczJDW3pwV,1
41,pagi ini saya mengiringi yab datuk seri utama ab rauf bin yusoh ketua menteri melaka ke majlis peluncuran pengkalan data utama padu yang disempurnakan oleh yab dato seri anwar ibrahim perdana menteri malaysia di pusat konvensyen antarabangsa putrajaya picc seperti yang,1
42,pagi ini saya mengiringi yab datuk seri utama ab rauf bin yusoh ketua menteri melaka ke majlis peluncuran pengkalan data utama padu yang disempurnakan oleh yab dato seri anwar ibrahim perdana menteri malaysia di pusat konvensyen antarabangsa putrajaya picc seperti yang,1
43,pagi ini saya mengiringi yab datuk seri utama ab rauf bin yusoh ketua menteri melaka ke majlis peluncuran pengkalan data utama padu disempurnakan oleh yab dato seri anwar ibrahim perdana menteri malaysia di pusat konvensyen antarabangsa putrajaya picc seperti yang,1
44,pagi ini saya mengiringi yab datuk seri utama ab rauf bin yusoh ketua menteri melaka ke majlis peluncuran pengkalan data utama padu yang disempurnakan oleh yab dato seri anwar ibrahim perdana menteri malaysia di pusat konvensyen antarabangsa putrajaya picc seperti yang https://t.co/H1WvPdRv7m,1
45,progres pembangunan sistem pengkalan data utama padu sudah mencapai 72 saat ini menurut kementerian ekonomi usai pelancarannya yang dijangka antara januarimac 2024 sistem padu akan dibuka buat pengguna bagi membolehkan pengemaskinian maklumat individu,2
46,progres pembangunan sistem pengkalan data utama padu sudah mencapai 72 ketika ini menurut kementerian ekonomi usai pelancarannya yg dijangka antara januarimac 2024 sistem padu akan dibuka buat pengguna bagi membolehkan pengemaskinian maklumat individu,2
47,progres pembangunan sistem pengkalan data utama padu sudah mencapai 72 ketika ini menurut kementerian ekonomi usai pelancarannya yg dijangka antara januarimac 2024 sistem padu akan dibuka buat pengguna bagi membolehkan pengemaskinian maklumat individu,2
48,progres pembangunan sistem pengkalan data utama padu sudah mencapai 72 ketika ini menurut kementerian ekonomi usai pelancarannya yang dijangka antara januarimac 2024 sistem padu akan dibuka buat pengguna bagi membolehkan pengemaskinian maklumat individu,2
49,progres pembangunan sistem pengkalan data utama padu sudah mencapai 72 ketika ini menurut kementerian ekonomi usai pelancarannya yang dijangka antara januarimac 2024 sistem padu akan dibuka buat pengguna bagi membolehkan pengemaskinian maklumat individu,2
50,kalau anda mohon bantuan kerajaan akan melakukan semakan sama ada anda layak atau tidak pasti kerajaan akan semak data terkumpul yang mereka ada macam pengkalan data utamapaduright maaflah kita tak berlajar luar negara atau terkoperat but we not that dumb,0
51,kalau anda mohon bantuan kerajaan akan buat semakan sama ada anda layak atau tidak pasti kerajaan akan semak data terkumpul yang mereka ada macam pengkalan data utamapaduright  maaflah kita tak berlajar luar negara atau terkoperat but we not that dumb,1
52,kalau anda mohon bantuan kerajaan akan buat semakan sama ada anda layak atau tidak pasti kerajaan akan semak data terkumpul yang mereka ada macam pengkalan data utamapaduright  maaflah kita tak berlajar luar negara atau terkoperat but we not that dumb,1
53,kalau anda mohon bantuan kerajaan akan buat semakan sama ada anda layak atau tidak pasti kerajaan akan semak data terkumpul yang mereka ada macam pengkalan data utamapaduright  maaflah kita tak berlajar luar negara atau terkoperat but we not that dumb,1
54,kalau anda mohon bantuan kerajaan akan melakukan semakan sama ada anda layak atau tidak pasti kerajaan akan semak data terkumpul yang mereka ada macam pengkalan data utamapaduright maaflah kita tak berlajar luar negara atau terkoperat but we not that dumb,0
55,budimadani ini sepatutnya ada dalam padu terus just click dan sahkan sahaja tidak perlu pelbagai sistem bagi sayalah jadi kepada yang mahu subsidi tapi belum ada padu akan terpaksa daftar,0
56,budimadani ini sepatutnya ada dalam padu terus just click and confirm sahaja tidak perlu pelbagai sistem bagi sayalah jadi kepada yang mahu subsidi tapi belum ada padu akan terpaksa daftar,0
57,budimadani ini sepatutnya ada dalam padu terus just click and confirm sahaja tidak perlu pelbagai sistem bagi sayalah jadi kepada yang mahu subsidi tapi belum ada padu akan terpaksa daftar ,0
58,budimadani ni patutnya ada dalam padu terus just click dan sahkan saja tidak perlu pelbagai sistem bagi sayalah jadi kepada yang mahu subsidi tapi belum ada padu akan terpaksa daftar,0
59,budimadani ini sepatutnya ada dalam padu terus just click dan sahkan sahaja tidak perlu pelbagai sistem bagi sayalah jadi kepada yang mahu subsidi tapi belum ada padu akan terpaksa daftar,0
60,data padu wee tuntut penjelasan rafizi terkilan dituduh bohong,0
61,data padu wee tuntut penjelasan rafizi terkilan dituduh tipu,0
62,data padu wee tuntut penjelasan rafizi terkilan dituduh tipu,0
63,data padu wee tuntut penjelasan rafizi terkilan dituduh tipu,0
64,data padu wee tuntut penjelasan rafizi terkilan dituduh tipu,0
65,pasukan tindak balas insiden keselamatan siber sektor awam csirt sentiasa berjaga lindungi padu dari sebarang kebocoran info semasa padu,2
66, team  tindak balas insiden keselamatan cyber sektor awam csirt  sentiasa siaga lindungi padu dari sebarang kebocoran maklumat semasa padu https://t.co/iZtJcB7hx1,0
67,tskir rel repson kes cyber cy Berserk csirt jaga padu dari ketirisan info padu,0
68,csirt pasukan tindak balas terhadap insiden keselamatan siber sektor awam sentiasa bersedia lindungi padu daripada sebarang kebocoran maklumat semasa padu,2
69,Pasukan tindak balas insiden keselamatan siber sektor awam csirt sentiasa siaga lindungi padu dari sebarang kebocoran maklumat semasa padu,2
70,mahasiswa keadilan malaysia bantu  mahasiswa uia daftarkan padu  mahasiswakeadilan bekerjademimahasiswa padu,1
71,pelajar keadilan malaysia bantu mahasiswa uia daftarkan padu  mahasiswakeadilan bekerjademimahasiswa padu,2
72,mahasiswa keadilan malaysia bantu mahasiswa uia daftarkan padu mahasiswakeadilan bekerjademimahasiswa padu,2
73,mahasiswa keadilan malaysia bantu pelajar uia daftarkan padu mahasiswakeadilan bekerjademimahasiswa padu,2
74,mahasiswa keadilan malaysia bantu mahasiswa uia daftarkan padu mahasiswakeadilan bekerjademimahasiswa padu,2
75,600 000 penjawat awam mendaftar padu mediaselangor selangortv semasastv selangor beritaselangor padu dosm penjawatawam,2
76,600 000 penjawat awam mendaftar padu mediaselangor selangortv semasastv selangor beritaselangor padu dosm penjawatawam https://t.co/1k6DXtLqM9,1
77,600 000 penjawat awam mendaftar padu mediaselangor selangortv semasastv selangor beritaselangor padu dosm penjawatawam,2
78,600000 penjawat awam mendaftar padu mediaselangor selangortv semasastv selangor beritaselangor padu dosm penjawatawam,2
79,600000 penjawat awam mendaftar padu mediaselangor selangortv semasastv selangor beritaselangor padu dosm penjawatawam https://t.co/eJXxg6qdqn,1
80,malaysia bentang padu di forum data doha pelbagai negara sifatkan sistem inklusif berita nasional terkini artikelpercuma padu,1
81,malaysia bentang padu di forum data doha pelbagai negara sifatkan sistem inklusif berita nasional terkini artikelpercuma padu,1
82,malaysia bentang padu di forum data doha pelbagai negara  sifatkan sistem inklusif berita nasional terkini artikelpercuma padu,1
83,malaysia bentang padu di forum data doha pelbagai negara  sifatkan system inklusif berita nasional terkini artikelpercuma padu,1
84,malaysia bentang padu di forum data doha pelbagai negara sifatkan sistem inklusif berita nasional terkini artikelpercuma padu,1
85,tanpa kajian menyeluruh dan data tepat pemansuhan subsidi yang sepatutnya kepada golongan mewah dikhuatiri menimpa mereka yang sekadar cukup makan petrol timmysay subsidi padu t15,2
86,tanpa kajian menyeluruh dan data tepat pemansuhan subsidi yang sepatutnya kepada golongan mewah dikhuatiri menimpa mereka yang sekadar cukup makan petrol timmysay subsidi padu t15,2
87,tanpa kajian yang menyeluruh dan data tepat pemansuhan subsidi yang sepatutnya kepada golongan mewah dikhuatiri menimpa mereka yang sekadar cukup makan petrol timmysay subsidi padu t15,2
88,tiada kajian menyeluruh dan data tepat pemansuhan subsidi yang sepatutnya kepada golongan mewah dikhuatiri menimpa mereka yang hanya cukup makan petrol timmysay subsidi padu t15 https://t.co/zH5mVwFgvO,0
89,tanpa kajian menyeluruh dan data tepat pemansuhan subsidi yang sepatutnya kepada golongan mewah dikhuatiri menimpa mereka yang hanya cukup makan petrol timmysay subsidi padu t15,2
90,1765 juta profil rakyat telah update dalam sistem padu rafizi bernamanews bernamaimages padu,0
91,1765 juta profile warganegara dah update dalam sistem padu rafizi bernamanews namaimages padu,0
92,1765 juta profile rakyat telah kemas kini dalam sistem padu rafizi bernamanews bernamaimages padu,2
93,1765 juta profil warganegara telah update di sistem padu rafizi bernamanews bernamaimages padu,0
94,1765 juta profiling rakyat telah dikemaskini dalam sistem padu rafizi bernamanews bernamaimages padu,0
95,padu budi macam mana ni  apakah sebenarnya fungsi pangkalan data utama atau padu berjuta ringgit belanja untuk padu tapi tak gunakan rugilahhh  apa yang ditanya setiausaha agung pemuda mca  ada logik juga padu budi,0
96,padu budi macam mana ni  apa sebenarnya fungsi pangkalan data utama atau padu berjuta ringgit belanja untuk padu tapi tak gunakan rugilahhh  apa yang ditanya setiausaha agung pemuda mca ada logik juga padu budi,0
97,padu budi macam mana ni  apa sebenarnya fungsi utama database or padu berjuta ringgit belanja untuk padu tapi tak gunakan rugilahhh  apa yang ditanya setiausaha agung pemuda mca ada logik juga padu budi,0
98,padu budi macam mana ni  apa sebenarnya fungsi utama database atau padu berjuta ringgit belanja untuk padu tapi tak gunakan rugilahhh  apa yang ditanya setiausaha agung pemuda mca ada logik juga padu budi,0
99,padu budi macam mana ni  apa sebenarnya fungsi pangkalan data utama atau padu berjuta ringgit belanja untuk padu tapi tak gunakan rugilahhh  apa yang ditanya setiausaha agung pemuda mca ada logik juga padu budi,0
100,why tak diselaraskan semua pengkalan data itu semua ke dalam satu pengakalan data utama sahaja wujudkan satu jabatan untuk urus bab keselamatan dan akses semua data tu,0
101,kenapa tak diselaraskan semua pengkalan data itu semua ke dalam satu pengakalan data utama sahaja wujudkan satu jabatan untuk urus bab keselamatan dan akses semua data tu,1
102,why tak diselaraskan all the database tu semua ke dalam satu pengakalan data utama sahaja wujudkan satu jabatan untuk urus bab keselamatan dan akses semua data tu,0
103,why tak diselaraskan semua pengkalan data itu semua ke dalam satu pengakalan data utama sahaja wujudkan satu jabatan untuk urus bab keselamatan dan akses semua data tu,0
104,why tak diselaraskan semua pengkalan data itu semua ke dalam satu pengakalan data utama sahaja wujudkan satu jabatan untuk urus bab keselamatan dan akses semua data tu,0
105,alhamdulillah taklimat sistem pengkalan data utama padu kepada warga jabatan penerangan wilayah persekutuan kuala lumpurputrajaya,1
106,alhamdulillah taklimat sistem pengkalan data utama padu kepada warga jabatan penerangan wilayah persekutuan kuala lumpurputrajaya https://t.co/x6mK5q6Wxn,1
107,alhamdulillah taklimat sistem pengkalan data utama padu kepada warga jabatan penerangan wilayah persekutuan kuala lumpurputrajaya,1
108,alhamdulillah taklimat sistem pengkalan data utama padu kepada warga jabatan penerangan wilayah persekutuan kuala lumpurputrajaya,1
109,alhamdulillah taklimat sistem pengkalan data utama padu  kepada warga jabatan penerangan wilayah persekutuan kuala lumpurputrajaya https://t.co/Jtjn4u1I2F,1
110,jom kome jumpe kami di program pelaksanaan padu pengkalan data utama 20 januari 2024 sabtu jam 900 pagi hingga 500 petang di pusat ekonomi digital batu kurau pelbagai perkhidmatan yang akan diberikan melalui van mekar jpn perak ate moh lerassss,2
111,jom kome jumpe kami di program pelaksanaan padu pengkalan data utama 20 januari 2024 sabtu dari jam 900pagi hingga 500pagi di pusat ekonomi digital batu kurau pelbagai layanan yang akan diberikan melalui van mekar jpn perak ate moh lerassss,2
112,jom kome jumpe kami di program pelaksanaan padu pengkalan data utama 20 januari 2024 sabtu jam 900 pagi hingga 500 petang di pusat ekonomi digital batu kurau pelbagai perkhidmatan yang akan diberikan melalui van mekar jpn perak ate moh lerassss,2
113,":
jom kome jumpe kami di program pelaksanaan padu pengkalan data utama pada 20 januari 2024 sabtu dari jam 900pagi hingga 500pagi di pusat ekonomi digital batu kurau pelbagai layanan yang akan diberikan melalui van mekar jpn perak ate moh lerassss",1
114,jom kome jumpe kami di program pelaksanaan padu pengkalan data utama 20 januari 2024 sabtu dari jam 900 pagi hingga 500 petang di pusat ekonomi digital batu kurau pelbagai perkhidmatan yang akan diberikan melalui van mekar jpn perak ate moh lerassss,2
115,"< dianggap lagi suasana pembukaan kaunter fizikal padu hari ini 30 mac 2024 sabtu bertempat di uptown muar  bandar diraja berbaki hari sahaja lagi sebelum sistem padu ditutup 31 mac 2024.

@asyraf_es
@pabrakib @SV@M
@SV@M @IamShak Bin https://t.co/T9GjZGV2C",0
116, around  suasana pembukaan kaunter fizikal padu hari ini 30 mac 2024 sabtu bertempat di uptown muar bandar diraja berbaki hari sahaja lagi sebelum sistem padu ditutup 31 mac 2024,1
117, around the vibe of the opening of the padu physical counter today 30 march 2024 sabtu  bertempat di uptown muar bandar diraja  berbaki hari sahaja lagi sebelum sistem padu ditutup pada 31 march 2024,0
118, around the atmosphere of the opening of the padu physical counter today 30 march 2024 sabtu bertempat di uptown muar city diraja berbaki hari sahaja lagi sebelum sistem padu ditutup pada 31 march 2024,0
119, around the atmosphere of opening the physical counter padu hari ini 30 mac 2024 sabtu bertempat di uptown muar bandar diraja berbaki hari sahaja lagi sebelum system padu ditutup pada 31 mac 2024,1
120,padu pak hassan bagi presiden dia sendiri rangkaian kedua 5g dan munculnya lagi kapitalis kroni oleh hassan abdul karim satu kesilapan besar yang dilakukan oleh pentadbiran kerajaan perdana menteri keempat tun dr mahathir mohamad dari tahun 1982 hingga,0
121,padu pak hassan bagi presiden dia sendiri rangkaian kedua 5g dan munculnya lagi kapitalis kroni oleh hassan abdul karim satu kesilapan besar yang dilakukan oleh pentadbiran kerajaan perdana menteri keempat tun dr mahathir mohamad dari tahun 1982 hingga,0
122,padu pak hassan bagi presiden dia sendiri rangkaian kedua 5g dan munculnya lagi kapitalis kroni oleh hassan abdul karim  satu kesilapan besar yang dilakukan oleh pentadbiran kerajaan perdana menteri keempat tun dr mahathir mohamad dari tahun 1982 hingga,0
123,padu pak hassan bagi presiden dia sendiri  rantaian kedua 5g dan munculnya lagi kapitalis kroni oleh hassan abdul karim satu kesilapan besar yang dilakukan oleh pentadbiran kerajaan perdana menteri keempat tun dr mahathir mohamad dari tahun 1982 hingga,0
124,padu pak hassan bagi presiden dia sendiri rangkaian kedua 5g dan munculnya lagi kapitalis kroni oleh hassan abdul karim satu kesilapan besar yang dibuat oleh pentadbiran kerajaan perdana menteri keempat tun dr mahathir mohamad dari tahun 1982 hingga https://t.co/6uRJrbZnk4,0
125,pada 23 march lalu menteri ekonomi rafizi ramli dilaporkan berkata kerajaan tidak bercadang melanjutkan proses pendaftaran serta kemas kini sistem padu yang bakal berakhir hari ini padu https://t.co/kRbL4jXtC6,0
126,pada 23 mac lalu menteri ekonomi rafizi ramli dilaporkan berkata kerajaan tidak bercadang untuk melanjutkan proses pendaftaran serta kemas kini sistem padu yang bakal berakhir hari ini padu,0
127,pada 23 march lalu menteri ekonomi rafizi ramli dilaporkan berkata kerajaan tidak bercadang untuk melanjutkan proses pendaftaran serta kemas kini sistem padu yang bakal berakhir hari ini padu https://t.co/OZt6Xgv4Rw,0
128,pada 23 mac lalu menteri ekonomi rafizi ramli dilaporkan berkata kerajaan tidak bercadang melanjutkan proses pendaftaran serta kemas kini sistem padu yang akan berakhir hari ini padu,0
129,pada 23 mac lalu menteri ekonomi rafizi ramli dilaporkan berkata kerajaan tidak bercadang untuk melanjutkan proses pendaftaran serta kemaskini sistem padu yang bakal berakhir hari ini padu,0
130,sebentar tadi hadir ke majlis peluncuran pangkalan data utama padu yang disempurnakan oleh yab dato seri anwar bin ibrahim perdana menteri malaysia di dewan perdana picc putrajaya padu,1
131,sebentar tadi hadir ke majlis pelancaran pangkalan data utama padu yang disempurnakan oleh yab dato seri anwar bin ibrahim perdana menteri malaysia di dewan perdana picc putrajaya padu https://t.co/r7aQWl6rK9,1
132,sebentar tadi hadir ke majlis pelancaran pangkalan data utama padu yang disempurnakan oleh yab dato seri anwar bin ibrahim perdana menteri malaysia di dewan perdana picc putrajaya padu https://t.co/6Qy2HQVg3H,1
133,sebentar tadi hadir ke majlis peluncuran pangkalan data utama padu yang disempurnakan oleh yab dato seri anwar bin ibrahim perdana menteri malaysia di dewan perdana picc putrajaya padu,1
134,sebentar tadi hadir ke majlis peluncuran pangkalan data utama padu yang disempurnakan oleh  yab dato seri anwar bin ibrahim perdana menteri malaysia di dewan perdana picc putrajaya padu,1
135,Info on wheels  Pangkalan Data Utama Padu  Pejabat Penerangan Daerah  Marang Parlimen  p 037  Marang  Dun  N20  Pengkalan  Berangsn  DepartmentPenerangan  Japentrg https://t.co/HfwKkR7RF,1
136,info on wheels  padu  pejabat penerangan daerah marang  parlimen  p 037  marang  dun  n20  pengkalan  berangsn  jabatanpenerangan  japentrg,1
137,info on wheels  padu  pejabat penerangan daerah marang parlimen p 037  marang  dun  n20 pengkalan berangsn  jabatanpenerangan japentrg,1
138,info on wheels  padu  padu  pejabat penerangan daerah  marang parlimen p 037  marang  dun  n20  pengkalan berangsn  jabatanpenerangan  japentrg,1
139,info on wheels  padu  pejabat penerangan daerah marang parlimen  p 037  marang  dun n20  pengkalan berangsn  jabatanpenerangan japentrg,1
140,pasal padu ni aku tak letakkan satu tanggapan yg sistem ni akan menyelesaikan masalah umat sbb asas dia padu ni sistem pengkalan data tujuan utama adlh untk satukan data sahaja dan bg yg asyik duk tanya knp tak guna data sedia ada ya diorg guna data sedia ada,0
141,pasal padu ni aku tak letakkan satu tanggapan yg sistem ni akan menyelesaikan masalah umat sbb asas dia padu ni sistem pengkalan data tujuan utama adlh untk satukan data sahaja dan bg yg asyik duk tanya knp tak guna data sedia ada ya diorg guna data sedia ada,0
142,pasal padu ni aku tak letakkan satu tanggapan yg sistem ni akan menyelesaikan masalah umat sbb asas dia padu ni sistem pengkalan data tujuan utama adlh untk satukan data sahaja dan bg yg asyik duk tanya knp tak guna data sedia ada ya diorg guna data sedia ada,0
143,pasal padu ni aku tak letakkan satu tanggapan yg sistem ni akan selesaikan masalah umat cos asas dia padu ni sistem pengkalan data tujuan utama adlah untk satukan data sahaja dan bg yg asyik duk tanya knp tak guna data sedia ada ya diorg guna data sedia ada,0
144,pasal padu ni aku tak letakkan satu tanggapan yg sistem ni akan menyelesaikan masalah umat sbb asas dia padu ni sistem pengkalan data tujuan utama adlh untk satukan data sahaja dan bg yg asyik duk tanya knp tak guna data sedia ada ya diorg guna data sedia ada,0
145,nak bantuan kerajaan daftar dalam sistem pengkalan data utama padu ini yang perlu anda fahami tentang padu mydoa,1
146,nak bantuan gomen daftar dalam sistem pengkalan data utama padu ini yang perlu anda fahami tentang padu mydoa,2
147,nak bantu kerajaan daftar dlm sistem pengkalan data utama padu ini yg perlu anda fahami tentang padu mydoa,1
148,nak bantuan kerajaan daftar dalam sistem pengkalan data utama padu ini yang perlu anda faham tentang padu mydoa,1
149,nak bantuan kerajaan daftar dlm sistem pengkalan data utama padu ini yg perlu anda fahami tentang padu mydoa,1
150,buletinbernama selangor kongsi data selangkah bagi proses semak silang sistem padu digitalbernamatv selangkah padu,1
151,buletinbernama selangor kongsi data selangkah bagi proses semak silang sistem padu digitalbernamatv selangkah padu,1
152,buletinbernama selangor kongsi data selangkah bagi proses semak silang sistem padu digitalbernamatv selangkah padu,1
153,buletinbernama selangor kongsi data selangkah bagi proses semak silang sistem padu digitalbernamatv selangkah padu,1
154,buletinbernama selangor kongsi data selangkah bagi proses semak silang sistem padu digitalbernamatv selangkah padu https://t.co/JcQ8DvbGbO,1
155,malaysia kini berada di kedudukan teratas dalam senarai pasaran pusat data yang paling pesat berkembang di asia menjelang 2035 Malaysia diramal menguasai 23 kapasiti pasaran pusat data asia tenggara Miti akan memanfaatkan kelebihan ini sebagai pemangkin untuk memacu,2
156,malaysia kini berada di kedudukan teratas dalam senarai pasaran pusat data yang terpembang di asia menjelang 2035 malaysia diramalkan menguasai 23 kapasiti pasaran pusat data asia tenggara miti akan memanfaatkan kelebihan ini sebagai pemangkin untuk memacu,2
157,malaysia kini berada dalam top 4 dalam senarai pasaran pusat data paling pesat berkembang di asia menjelang 2035 malaysia diramal menguasai 23 kapasiti pasaran pusat data asia tenggara miti akan memanfaatkan kelebihan ini sebagai pemangkin untuk memacu,2
158,malaysia kini berada di kedudukan teratas dalam senarai pasaran pusat data paling pesat berkembang di asia menjelang 2035 malaysia diramalkan menguasai 23 kapasiti pasaran pusat data asia tenggara miti akan memanfaatkan kelebihan ini sebagai pemangkin untuk memacu,2
159,malaysia kini berada di kedudukan teratas dalam senarai pasaran pusat data yang paling pesat berkembang di asia menjelang 2035 malaysia diramal menguasai 23 kapasiti pasaran pusat data asia tenggara miti akan mengambil kesempatan ini sebagai pemangkin untuk memacu,2
160,kenapa padu tak dilindungi bawah akta perlindungan data peribadi 2024 akta709 jadi patutlah rakyat rasa tak yakin dengan padu dan bimbang tentang keselamatan data peribadi mereka,0
161,kenapa padu tak dilindungi bawah akta perlindungan data peribadi 2024 akta709 jadi tak hairanlah kalau rakyat rasa tak yakin dengan padu dan bimbang tentang keselamatan data peribadi mereka,0
162,padu tak dilindungi bawah akta perlindungan data peribadi 2024 akta709  so x heran lah kot rakyat rasa x yakin dgn padu n bimbang btl tak keselamatan data peribadi,0
163,padu tak dilindungi bawah akta perlindungan data peribadi 2024 akta709  so tak hairanlah kalau rakyat rasa tak yakin dengan padu dan bimbang tentang keselamatan data peribadi mereka,2
164,kenapa padu tak dilindungi bawah akta perlindungan data peribadi 2024 akta709 jadi tak heranlah kalau rakyat rasa tak konfiden padu dan bimbang tentang keselamatan data peribadi mereka,0
165,mekanisme subsidi ron95 akan menggunakan data padu sepenuhnya dan penentuan kumpulan sasar ditentukan berdasarkan pendapatan boleh guna bersih isi rumah kementerian ekonomi bernamabiz padu parlimen,1
166,mekanisme subsidi ron95 akan menggunakan sepenuhnya data padu dan penentuan kumpulan sasar ditentukan berdasarkan pendapatan boleh guna bersih isi rumah kementerian ekonomi bernamabiz padu parlimen,1
167,tabung subsidi ron95 akan menggunakan sepenuhnya data padu dan penentuan kumpulan sasar ditentukan berdasarkan pendapatan boleh guna bersih isi rumah kementerian ekonomi bernamabiz padu parlimen,2
168,mekanisme penyasaran subsidi ron95 akan menggunakan data padu sepenuhnya dan penentuan kumpulan sasaran ditentukan berdasarkan pendapatan boleh guna bersih isi rumah kementerian ekonomi bernamabiz padu parlimen,2
169,mekanisme penyasaran subsidi ron95 akan menggunakan data padu sepenuhnya dan penentuan kumpulan sasar ditentukan berdasarkan pendapatan boleh guna bersih isi rumah kementerian ekonomi bernamabiz padu parlimen,2
170,detail kita ada di jpn lhdn epf bnm etc2 semua agensi ni tak share data pelanggan sesama mereka pengkalan data utama ni di wujudkan supaya semua data kita centralised dan lebih mudah diakses oleh agency2 kerajaan termasuk utk assign subsidi,0
171,detail kita ada kt jpn lhdn epf bnm etc2 semua agensi ni tak share data pelanggan sesama mereka pengkalan data utama ni di wujudkan supaya semua data kita centralised dan lebih mudah utk diakses oleh agency2 kerajaan termasuk utk assign subsidi,0
172,detail kita ada kt jpn lhdn epf bnm etc2 semua agensi ni tak berkongsi data pelanggan sesama mereka pengkalan data utama ni di wujudkan supaya semua data kita centralised dan lebih mudah utk diakses oleh agency2 kerajaan termasuk utk assign subsidi,0
173,detail kita ada kt jpn lhdn epf bnm etc2 semua agensi ni tak berkongsi data pelanggan sesama mereka pengkalan data utama ni di wujudkan supaya semua data kita centralised dan lebih mudah utk diakses oleh agensi2 kerajaan termasuklah utk assign subsidi,0
174,detail kita ada kt jpn lhdn epf bnm etc2 semua agensi ni tak share data pelanggan sesama mereka pengkalan data utama ni di wujudkan supaya semua data kita centralised dan lebih mudah diakses oleh agency2 kerajaan termasuk utk assign subsidi,0
175, gigih daftar padu tapi disuruh makan ubi kayu,1
176,gigih daftar padu tapi disuruh makan ubi kayu,1
177,gigih daftar padu tp disuruh makan ubi kayuh,0
178,gigih daftar padu tapi disuruh makan ubi kayu https://t.co/RqWQMtYsRg,0
179,gigih daftar padu tapi disuruh makan ubi kayu,1
180,apa selepas 52 padu bantuan moga tidak tercicir subsidi moga tidak tersasar inflasi bakal merebak harga minyak turun nantikan ,0
181,what after 52 padu  bantuan moga tak tercicir  subsidi moga tak tersasar  inflasi bakal merebak  harga minyak turun nunggu,0
182,apa selepas 52 padu bantuan moga tidak tercicir subsidi moga tidak tersasar inflasi bakal merebak harga minyak turun nantikan,0
183,what after 52 padu bantuan moga tidak tercicir subsidi moga tidak tersasar inflasi bakal merebak harga minyak turun nantikan,0
184,apa lepas 52 padu bantuan moga tidak tercicir subsidi moga tidak tersasar inflasi bakal merebak harga minyak turun nantikan,0
185,selayang pelaksanaan info on wheels daerah nabawan lokasi hebahan 1 kg malinja a b ria a b c  tumpuan hebahan hebahan pelaksanaan pengkalan data utama padu japensabah,2
186,selang pelaksanaan info on wheels daerah nabawan lokasi hebahan 1 kg malinja a b ria a b c  tumpuan hebahan hebahan pelaksanaan pengkalan data utama padu japensabah,2
187,sekitar pelaksanaan info on wheels daerah Nabawan  lokasi hebahan 1 kg malinja a b ria a b c  tumpuan hebahan hebahan pelaksanaan pengkalan data utama padu japensabah,2
188,"selitarnya, pengoperasian info on wheels daerah Nabawan lokasi hebahan 1 kg malinja a b ria a b c fokus hebahan hebahan pengkalan data utama padu japensabah",1
189,kontak pelaksanaan info on wheels daerah Nabawan lokasi hebahan 1 kg malinja a b ria a b c fokus hebahan hebahan pelaksanaan pengkalan data utama padu japensabah,2
190,tarikh tutup utk org update info peribadi dlm pengkalan data utama padu  akan tamat pada ini,1
191,tarikh tutup orang ramai update maklumat peribadi dalam  pengkalan data utama padu akan tamat pada ini,1
192,tarikh tutup untuk orang ramai update maklumat peribadi dalam pengkalan data utama padu akan berakhir pada ini,2
193,tarikh tutup org ramai update maklumat peribadi dlm pengkalan data utama padu akan berakhir pd  ini https://t.co/6YzYB3Mt6v,0
194,tarikh tutup untuk orang ramai update maklumat peribadi dalam pengkalan data utama padu akan berakhir di sini  https://t.co/9BZRK2Zb6B,0
195,padu memacu negara  menghadiri majlis peluncuran  pangkalan data utama padu disempurnakan oleh yab perdana menteri di pusat konvensyen antarabangsa putrajaya picc  sebentar tadi sistem padu ini merupakan komponen utama dalam menjayakan satu dari reformasi utama ekonomi,2
196,padu memacu negara menghadiri majlis peluncuran pangkalan data utama padu yang disempurnakan oleh yab perdana menteri di pusat konvensyen antarabangsa putrajaya picc sebentar tadi sistem padu ini merupakan komponen utama dalam menjayakan satu daripada reformasi utama ekonomi,2
197,padu memacu negara  menghadiri majlis peluncuran pangkalan data utama padu yang disempurnakan oleh yab perdana menteri di pusat konvensyen antarabangsa putrajaya picc sebentar tadi sistem padu ini merupakan komponen utama dalam menjayakan satu dari reformasi utama ekonomi,2
198,padu memacu negara menghadiri majlis peluncuran pangkalan data padu utama yang disempurnakan oleh yab perdana menteri di pusat konvensyen antarabangsa putrajaya picc sebentar tadi sistem padu ini merupakan komponen utama dalam menjayakan satu dari reformasi utama ekonomi https://t.co/g2uH4rq5rj,2
199,padu memacu negara hadir majlis peluncuran pangkalan data utama padu yang disempurnakan oleh yab perdana menteri di pusat konvensyen antarabangsa putrajaya picc sebentar tadi sistem padu ini merupakan komponen utama dalam menjayakan satu dari reformasi utama ekonomi,2
200,18 mac 2024 isnin 1200 tgh info on wheels iow daerah machang hebahan berkaitan pengkalan data utama padu sekitar kemuning iaitu di kg pangkal petai kg sega kg kubur minah kg pemanok amp kg bukit bakar bergheh,1
201,18 mac 2024 isnin 1200 tgh info on wheels iow daerah machang hebahan berkaitan pengkalan data utama padu sekitar kemuning iaitu di kg pangkal petai kg sega kg kubur minah kg pemanok amp kg bukit bakar bergheh,1
202,18 Mac 2024 Isnin 1200 tengah info on wheels iow daerah machang hebahan berkaitan pengkalan data utama padu sekitar kemuning iaitu di kg pangkal petai kg sega kg kubur minah kg pemanok amp kg bukit bakar bergheh,1
203,18 mac 2024 isnin 1200 tgh info on wheels iow daerah machang hebahan berkaitan pengkalan data utama padu sekitar kemuning iaitu di kg pangkal petai kg sega kg kubur minah kg pemanok amp kg bukit bakar bergheh,1
204,18 mac 2024 isnin 1200 tgh info on wheels iow daerah machang hebahan berkaitan pengkalan data utama padu sekitar kemuning iaitu di kg pangkal petai kg sega kg kubur minah kg pemanok amp kg bukit bakar bergheh,1
205,tak mahu daftar padu  kerana risaukan aspek keselamatan  setakat ini terdapat 2 juta cubaan memecah masuk ke sistem padu secara purata sehari tetapi semuanya dapat dipatahkan pasukan pembangunan sistem padu yang diketuai oleh jabatan digital negara dulu dikenali sebagai,2
206,tak mahu daftar padu kerana risaukan aspek keselamatan setakat ini terdapat 2 juta cubaan memecah masuk ke sistem padu secara purata sehari tetapi semuanya dapat dipatahkan pasukan pembangunan sistem padu yang diketuai oleh jabatan digital negara dahulu dikenali sebagai,2
207,tak mau daftar padu kerana risaukan aspek keselamatan setakat ini terdapat 2 juta cubaan memecah masuk ke sistem padu secara purata sehari tetapi semuanya dapat dipatahkan pasukan pembangunan sistem padu yang diketuai oleh jabatan digital negara dahulu dikenali sebagai,2
208,tak mahu daftar padu kerana risaukan aspek keselamatan setakat ini terdapat 2 juta cubaan memecah masuk ke sistem padu secara purata sehari tetapi semuanya dapat dipatahkan pasukan pembangunan sistem padu yang diketuai oleh jabatan digital negara dahulu dikenali sebagai,2
209,tak mahu daftar padu kerana risaukan aspek keselamatan setakat ini terdapat 2 juta cubaan memecah masuk ke sistem padu secara purata sehari tetapi semuanya dapat dipatahkan pasukan pembangunan sistem padu yang diketuai oleh jabatan digital negara dahulu dikenali sebagai,2
210,mungkin vapt pun tak buat gomen terlampau defensive bila ahli2 luar cakap ada system flaws kalau nama dah pengkalan data utama kena make sure all system security comply hmmm,0
211,mungkin vapt pun tak buat kerajaan terlalu defensive bila pakar luar bercakap ada system flaws kalau nama dah pengkalan data utama kena make sure all sistem security comply hmmm,0
212,mungkin vapt pun tak buat gov terlalu defensive  bila pakar luar cakap ada system flaws  kalau nama dah pengkalan data utama kena make sure all system security comply hmmm,0
213,mungkin vapt pun tak buat gov terlalu defensive bila expert luar cakap ada sistem flaws kalau nama dah pengkalan data utama kena make sure all system security comply hmmm,0
214,maybe vapt pun tak buat gov terlalu defensive bila otai2 kata ada system flaws kalau nama dah pengkalan data utama kena make sure all system securitycomply hmmm,0
215,padu kaunter padu  padu kaunter  padu  jom daftar  pengkalan data utama padu  jaga keciciran sumbangan dan subsidi sekitar  kaunter padu di  surau albukhari  taman desa tanjung damai  dan  surau kg pak katak  pada 15 mac 2024,2
216,padu kaunter padu kaunter padu jom daftar pengkalan data utama padu  untuk menggelakkan keciciran sumbangan dan subsidi di sekitar kaunter padu di surau albukhari  taman desa tanjung damai dan surau kg pak katak 15 mac 2024,2
217,padu kaunter  padu kaunter  padu jom daftar pengkalan data utama  padu untuk mengelak keciciran sumbangan dan subsidi sekitar  padu kaunter  padu di surau albukhari  taman desa tanjung damai dan surau kg pak katak pada 15 march 2024,2
218,padu kaunter padu kaunter padu jom daftar pengkalan data utama padu untuk menggelakkan keciciran sumbangan dan subsidi sekitar kaunter padu di surau albukhari taman desa tanjung damai dan surau kg pak katak pada 15 mac 2024,2
219,daftar kaunter padu  kaunter padu  jom daftar pengkalan data utama padu  untuk mengelakkan keciciran sumbangan dan subsidi sekitar kaunter padu  di surau albukhari  taman desa tanjung damai dan surau kg pak katak  pada 15 march 2024,2
220,UM1stbday kumpulan2 tindakan belia ditubuhkan di komuniti2 dan kini kami mempunyai pengkalan data penggerak2 utama yg akan diterbitkan,1
221,    um1stbday  kumpulan2 tindakan belia ditubuhkan di komuniti2 dan kini kami mempunyai pengkalan data penggerak2 utama yg akan diterbitkan,1
222,um1stbday group2 tindakan belia ditubuhkan di komuniti2 dan kini kami mempunyai pengkalan data penggerak2 utama yg akan dibentangkan,1
223,um1stbday kumpulan2 tindakan belia ditubuhkan di komuniti2 dan kini kami mempunyai pengkalan data penggerakkan2 utama yg akan diterbitkan,2
224,    um1stbday  kumpulan2 tindakan belia ditubuhkan di komuniti2  dan kini kami mempunyai pengkalan data penggerak2 utama yg akan diterbitkan,1
225,Record update at the main database system  padu malaysiamadani japenselangor,1
226,rekod update di sistem pengkalan data utama padu malaysiamadani japenselangor,1
227,rekod update di sistem pengkalan data utama padu malaysiamadani japenselangor https://t.co/uRf7nFt9Yg,0
228,rekod update di sistem pengkalan data utama padu malaysiamadani japenselangor,1
229,rekod update di sistem pengkalan data utama padu malaysiamadani japenselangor,1
230,"Alhamdulillah before raya aidiladha 
nantibagi 
yang daftar padu auto tanggungan anak yg berumur 18 tahun keatas dapat dalam kategori bujangdan bagi kir b40 miskin miskin tegar t20 m40 padu malaysiamadani",2
231,Alhamdulillahsebelum raya Aidiladha nantibagi yang daftar padu auto tanggungan anak yang berumur 18tahun keatas dapat dalam kategori bujangdan bagi kir b40 miskin miskin tegar t20 m40 padu malaysiamadani,2
232,Alhamdulillahsebelum raya aidiladha nantibagi yang daftar padu auto tanggungan anak yang berumur 18 tahun keatas dapat dalam kategori bujangdan bagi kir b40 miskin miskin tegar t20 m40 padu malaysiamadani,2
233,alhamdulillahbefore raya aidiladha nantibagi yang daftar padu auto tanggungan anak yang berumur 18tahun ke atas dapat dalam kategori bujangdan bagi kir b40 miskin miskin tegar t20 m40 padu malaysiamadani,2
234,alhamdulillahbefore raya aidiladha  nantibagi yang daftar padu auto tanggungan anak yang berumur 18 tahun keatas dapat dalam kategori bujangdan bagi kir b40 miskin miskin tegar t20 m40 padu malaysiamadani,2
235,600 000 penjawat awam selesai daftar padu ketua perangkawan japensarawak padu,0
236,600 000 penjawat awam selesai daftar padu ketua perangkawan japensarawak padu,0
237,600 000 penjawat awam selesai daftar padu ketua perangkawan japensarawak padu,0
238,600 000 penjawat awam selesai daftar padu ketua perangkawan japensarawak padu,0
239,600 000 penjawat awam selesai daftar padu ketua perangkawan japensarawak padu,0
240,jemputan ke sesi townhall pecutan akhir pendaftaran padu tarikh tutup untuk orang ramai mengemaskini maklumat peribadi dalam pengkalan data utama padu akan berakhir pada 31 mac ini,2
241,jemputan ke sesi townhall pecutan akhir pendaftaran padu  tarikh tutup untuk orang ramai update maklumat peribadi dalam pengkalan data utama padu bakal berakhir 31 march ini,2
242,jemputan ke sesi townhall pecutan akhir  pendaftaran padu  tarikh tutup untuk umum update maklumat peribadi dalam pengkalan data utama padu akan berakhir pada 31 march ini,2
243,jemputan keesi townhall pecutan akhir pendaftaran padu tarikh tutup utk org ramai update maklumat peribadi  dalam pengkalan data utama padu akan berakhir pada 31 march ini,2
244,jemputan ke sesi townhall pecutan akhir pendaftaran padu  tarikh tutup untuk orang ramai update maklumat peribadi dalam pengkalan data utama padu akan tamat pada 31 march ini,2
245,icymi daftar padu rendah petanda rakyat tak percaya rafizi sebagai menteri wan saiful malaysiagazette menteriekonomi padu,0
246,icymi daftar padu rendah petanda rakyat tak percaya rafizi jadi menteri  wan saiful malaysiagazette menteri ekonomi padu,0
247,icymi daftar padu rendah petanda rakyat tak percaya rafizi sebagai menteri wan saiful malaysiagazette menteri ekonomi padu,0
248,icymi daftar padu rendah petanda rakyat tak percaya rafizi sebagai menteri wan saiful  malaysiagazette  menteri ekonomi padu,0
249,icymi daftar padu rendah petanda rakyat tak percaya rafizi sebagai menteri wan saiful malaysiagazette menteri ekonomi padu,0
250,semua penjawat awam diminta supaya update maklumat dan data dalam sistem pengkalan data utama padu selewatnya 15 februari ini awaninews awani745,1
251, all civil servants are asked to update the information and data in the sistem pengkalan data utama padu selewatnya 15 februari ini  awaninews awani745,1
252,  semua penjawat awam diminta update info dan data di dalam sistem pengkalan data utama padu selewatnya 15 februari ini  awaninews awani745,1
253,semua penjawat awam diminta agar mengemas kini maklumat dan data di dalam sistem pengkalan data utama padu selewatnya 15 februari ini awaninews awani745,1
254,semua penjawat awam diminta agar update maklumat dan data di dalam sistem pengkalan data utama padu selewatnya 15 februari ini awaninews awani745,1
255,subsidi bersasar elektrik bagi t20 diumumkan selepas siap pengkalan data utama prn6negeri prihatinbersihstabil pnbest,2
256,subsidi bersasar elektrik bagi t20 diumum selepas siap pengkalan data utama prn6negeri prihatinbersihstabil pnbest,2
257,subsidi bersasar elektrik bagi t20 diumumkan selepas siap pengkalan data utama prn6negeri prihatinbersih stabil pnbest,2
258,subsidi bersasar elektrik bagi t20 diumumkan selepas siap pengkalan data utama prn6negeri prihatinbersihstabil pnbest,2
259,subsidi bersasar elektrik bagi t20 diumumkan selepas siap pengkalan data utama prn6negeri prihatinbersihstabil pnbest,2
260,miti merupakan nadi utama dalam pengurusan operasi sektorsektor ekonomi dan memperkenalkan covid19 intelligent management system dimana ia merupakan pengkalan data komprehensif perniagaan daripada pelbagai sektor komunikasikita  jabatanpenerangan jendela perlismaju,2
261,miti merupakan nadi utama dalam pengendalian operasi sektorsektor ekonomi dan memperkenalkan covid19 intelligent management system dimana ia merupakan pengkalan data komprehensif perniagaan daripada pelbagai sektor komunikasiikasikita jabatanpenerangan jendela perlismaju,2
262,miti merupakan nadi utama dalam pengurusan operasi sektorsektor ekonomi dan memperkenalkan covid19 intelligent management system di mana ia merupakan pengkalan data komprehensif perniagaan daripada pelbagai sektor komunikasikita jabatanpenerangan jendela perlismaju,2
263,miti merupakan nadi utama dalam pengurusan operasi sektorsektor ekonomi dan memperkenalkan covid19 intelligent management system dimana ia merupakan pengkalan data komprehensif perniagaan daripada pelbagai sektor komunikasikita jabatanpenerangan jendela perlismaju,2
264,miti merupakan nadi utama dalam pengurusan operasi sektorsektor ekonomi dan memperkenalkan covid19 intelligent management system dimana ia merupakan pengkalan data komprehensif perniagaan daripada pelbagai sektor komunikasikita jabatanpenerangan jendela perlismaju,2
265,kalau tak daftar padu tu jadi apa,1
266,kalau tak daftar padu tu jadi apa,1
267,kalo tak daftar padu tu jadi apa,1
268,kalau tak daftar padu tu jadi apa,1
269,kalau tak daftar padu tu jadi apa,1
270,daftar pengkalan data utama padu tidak sampai sasaran yang ditetapkan 298 juta apabila merekodkan hanya 1155 526 warganegara berumur 18 tahun yang mendaftar dan mengemas kini dalam sistem itu sehingga ditutup pada 31 m https://t.co/dEkcTbDpXR,0
271,pendaftaran pengkalan data utama padu tidak mencapai target yang ditetapkan 298 juta apabila merekodkan hanya 1155 526 warganegara berusia 18 tahun yang mendaftar dan mengemas kini dalam sistem itu sehingga ditutup pada 31 march lepas,0
272,daftar pengkalan data utama padu tidak mencecah sasaran yang ditetapkan 298 juta apabila merekodkan hanya 1155 526 warganegara berumur 18 tahun yang mendaftar dan mengemas kini dalam sistem itu sehingga ditutup pada 31 mac lalu,1
273,pendaftaran pengkalan data utama padu tidak mencapai sasaran yang ditetapkan 298 juta apabila merekodkan hanya 1155 526 warganegara berusia 18 tahun yang mendaftar dan mengemas kini dalam sistem itu sehingga tutup 31 mac lalu,0
274,pendaftaran pengkalan data utama padu tidak mencapai sasaran yang ditetapkan 298 juta apabila merekodkan hanya 1155 526 warganegara berusia 18 tahun yang mendaftar dan mengemas kini dalam sistem itu sehingga ditutup pada 31 march lalu https://t.co/7nWq8zd5zw,0
275,kita isi padu dengan jarak pejabat dari rumah siap bagi butiran akaun bank sudahnya cadangan rasionalisasi subsidi guna mykad buang masa duit dan tenaga,0
276,kita isi padu dengan jarak pejabat dari rumah siap bagi butiran akaun bank sudahnya cadangan rasionalisasi subsidi guna mykad buang masa duit dan tenaga,0
277,kita isi padu dengan jarak ofis dari rumah siap bagi butiran akaun bank sudahnya cadangan rasionalisasi subsidi guna mykad buang masa duit dan tenaga,0
278,kita isi padu dengan jarak pejabat dari rumah siap bagi butiran akaun bank sudahnya cadangan rasionalisasi subsidi guna mykad buang masa duit dan tenaga,0
279, kita isi padu dengan jarak pejabat dari rumah siap bagi butiran akaun bank sudahnya cadangan rasionalisasi subsidi guna mykad buang masa duit dan tenaga,1
280,cuma sekarang ini proses penggabungan dua sistem ini belum boleh dilaksana padu sistem pengkalan data utama mydigital id fokus kpd maklumat id sahaja iaitu no ic dan nama owner di serta kata kunci utk akses apa2 aplikasi dlm talian,1
281,cuma sekarang ini proses penggabungan dua sistem ini belum boleh dilaksana padu sistem pengkalan data utama mydigital id fokus kpd maklumat id sahaja iaitu no ic dan nama pemilik di serta kata kunci utk akses apa2 aplikasi dlm talian,1
282,cuma sekarang ini proses penggabungan dua sistem ini belum boleh dilaksana padu sistem pengkalan data utama mydigital id fokus kpd maklumat id sahaja iaitu no ic dan nama pemilik di serta kata kunci utk akses apa2 aplikasi dlm talian,1
283,cuma sekarang ni proses penggabungan dua sistem ini belum boleh dilaksana padu sistem pengkalan data utama mydigital id fokus kpd info id sahaja iaitu no ic dan nama pemilik di serta kata kunci utk akses apa2 aplikasi dlm talian,1
284,only now ni proses penggabungan dua sistem ini belum boleh dilaksana  sistem pengkalan data utama mydigital id  fokus kpd maklumat id sahaja  iaitu no ic dan nama pemilik di serta kata kunci utk akses ap2 aplikasi dlm talian,1
285,jawapan padu menteri ekonomi dalam isu bagaimana kaedah penyasaran subsidi ron95 akan dilaksanakan apa pandangan korang guys rt sebarkan parlimen ron95,0
286, jawapan padu menteri ekonomi dalam isu bagaimana kaedah penyasaran subsidi ron95 akan dilaksanakan apa pandangan korang guys rt sebarkan parlimen ron95,0
287,jawapan padu menteri ekonomi dalam isu cara kaedah penyasaran subsidi ron95 akan dilaksanakan  apa pandangan korang guys rt sebar parlimen ron95,0
288, jawapan padu menteri ekonomi dalam isu bagaimana kaedah penyasaran subsidi ron95 bakal dilaksanakan apa pandangan korang semua rt sebarkan parlimen ron95,0
289,jawapan padu menteri ekonomi dalam isu bagaimana kaedah penyasaran subsidi ron95 akan dilaksanakan  apa pandangan korang korang rt sebarkan parlimen ron95,0
290,lebih 50 persen rakyat perak  sudah daftar padu negara  daftar kementerianekonomi padu perak,1
291,lebih 50 persen rakyat perak udah daftar padu negara  daftar kementerianekonomi padu perak,2
292,lebih 50 peratus rakyat perak  sudah daftar padu negara daftar kementerianekonomi padu perak https://t.co/w6u7DvcTvn,1
293,"lebih 50 peratus rakyat perak 
di daftar padu negara daftar kementerianekonomi padu perak https://t.co/lB0T1DjL2X",1
294,lebih 50 persen rakyat perak udah daftar padu negara daftar kementerianekonomi padu perak https://t.co/v6kZX2iKV3,1
295,info on wheels  iow  pejabat penerangan daerah baling program jualan rahmah  dan hebahan  sistem pengkalan data utama padu  tarikh 4 februari 2024  ahad  masa  1000 pagi  kawasan parlimen  p016  baling  dun  n32  kuala ketil  daerah baling,1
296,info on wheels iow pejabat penerangan daerah baling program jualan rahmah dan hebahan sistem pengkalan data utama padu  tarikh 4 februari 2024 ahad  masa 1000 pagi  kawasan parlimen p016 baling dun n32 kuala ketil daerah baling,1
297,info on wheels iow pejabat penerangan daerah baling program jualan rahmah dan hebahan sistem pengkalan data utama padu  tarikh 4 februari 2024 ahad  masa 1000 pagi kawasan parlimen p016 baling dun n32 kuala ketil daerah baling,1
298,info on wheels iow  pejabat penerangan daerah baling  program jualan rahmah dan hebahan  sistem pengkalan data utama  padu  tarikh 4 februari 2024  ahad  masa  1000 pagi  kawasan parlimen  p016  baling  dun  n32  kuala ketil  daerah  baling,1
299, info on wheels iow  pejabat penerangan daerah baling  program jualan rahmah dan hebahan  sistem pengkalan data utama padu  tarikh 4 februari 2024  ahad  masa 1000 pagi  kawasan parlimen p016  baling dun n32  kuala ketil  daerah baling,1
300,jom daftar padu malaysiamadani padu pengkalandatautama sikamat seremban kombes,1
301,jom daftar padu malaysiamadani  padu pengkalandatautama sikamat seremban kombes https://t.co/g5BZXGdRFV,1
302,  jom daftar padu  malaysiamadani  padu  pengkalandatautama  sikamat  seremban  kombes,1
303,jom daftar padu malaysiamadani padu pengkalandatautama sikamat seremban kombes,1
304,jom daftar padu malaysiamadani padu pengkalandatautama sikamat seremban kombes,1
305,waspada  jabatan pangkalan data utama padu tidak pernah wujud dan kemas kini maklumat individu dalam sistem padu telah ditutup pada 31 mac 2024 jangan tertipu dengan panggilan palsu pihak padu bealert scamalert,0
306,waspada  jabatan pangkalan data utama  padu tidak pernah wujud dan  semakan maklumat individu dalam sistem padu telah ditutup 31 march 2024  jangan tertipu dengan panggilan palsu dari pihak yang tidak bertanggungjawab  padu  bealert  scamalert,0
307,waspada  jabatan pangkalan data induk padu tak pernah wujud dan pengemaskinian maklumat individu dalam sistem padu telah ditutup pada 31 mac 2024  jangan tertipu dengan panggilan palsu dari pihak yang tidak bertanggungjawab  padu bealert scamalert,0
308,waspada jabatan pangkalan data utama padu tidak pernah wujud dan pengemaskinian maklumat individu dalam sistem padu telah ditutup pada 31 march 2024  jgn terpedaya dengan panggilan palsu pihak yang tidak bertanggungjawab  padu bealert scamalert,0
309,waspada jabatan pangkalan data utama padu tak pernah wujud dan pengemaskinian maklumat individu dalam sistem padu telah ditutup pada 31 march 2024  jangan tertipu dengan panggilan palsu dari pihak tidak bertanggungjawab padu bealert scamalert,0
310,hebahan padu di karangan dan sedim pada 22012024  jom pakat update padu sekarang padu  jabatanpeneranganmalaysia  jabatanperangkaanmalaysia  dosmkedah,2
311,hebahan padu di karangan dan sedim  22012024  jom pakat update padu now  padu  departmentpeneranganmalaysia  departmentperangkaanmalaysia  dosmkedah,1
312,hebahan padu di karangan dan sedim  pada  22012024  jom pakat update padu sekarang padu  jabatanpeneranganmalaysia  jabatanperangkaanmalaysia  dosmkedah,2
313,hebahan padu di karangan dan sedim pada  22012024  jom pakat update padu now  padu  jabatanpeneranganmalaysia  jabatanperangkaanmalaysia  dosmkedah,2
314,hebahan padu di karangan dan sedim pada  22012024  jom pakat update padu now padu  jabatanpeneranganmalaysia  jabatanperangkaanmalaysia  dosmkedah,2
315,minggu ni office aku dah tolong ramai nak daftar dalam padu kalau anda belum dan memerlukan bantuan sila datang ke office aku saturday minggu ni 23 march 2024 pendaftaran padu akan ditutup 31 march 2024 padu,2
316, minggu ini office aku telah menolong ramai untuk mendaftar dalam padu jika anda belum dan memerlukan bantuan sila dtg ke office aku sabtu minggu ini 23 mac 2024 pendaftaran padu akan ditutup pada 31 mac 2024 padu,2
317,minggu ini pejabat saya telah menolong ramai untuk mendaftar di PADU jika anda belum dan memerlukan bantuan sila datang ke pejabat saya sabtu minggu ini 23 mac 2024 pendaftaran PADU akan ditutup pada 31 mac 2024 PADU,2
318,minggu ni office aku dah tolong ramai nak daftar dalam padu kalau anda tak dan perlukan bantuan sila datang ke office aku sabtu minggu ni 23 march 2024 registration padu akan ditutup 31 march 2024 padu,0
319,minggu ini office saya telah membantu ramai untuk daftar dalam padu jika anda belum dan memerlukan bantuan sila datang ke office saya sabtu minggu ini 23 mac 2024 pendaftaran padu akan ditutup pada 31 mac 2024 padu,2
320,penganalis ekonomi digital seluruh dunia meletakkan pengk pengkalan data sebagai satu keperluan utama dunia yang serba canggih,2
321,penganalis ekonomi digital seluruh dunia meletakkan pembinaan pengkalan data sebagai satu keperluan utama dunia serba canggih,2
322,penganalis ekonomi digital seluruh dunia meletakkan pembinaan pengkalan data sebagai satu keperluan utama bagi dunia serba canggih,2
323,penganalis ekonomi digital seluruh dunia meletakkan pembinaan pengkalan data itu sebagai satu keperluan utama kepada dunia serba canggih,2
324,penganalis ekonomi digital seluruh dunia meletakkan pembinaan pengkalan data sebagai satu keperluan utama untuk dunia yang serba canggih,2
325,data memang dah ada tetapi bersepah di setiap agensi kerajaan dan sebenarnya ada sebilangan besar rakyat yang data mereka tidak lengkap atau tidak cukup jadi padu ini ada dua benda nak kena setel pada peringkat awal 1 satukan semua data dari pelbagai agensi ke dalam satu,0
326,data memang dah ada tapi bersepah di setiap agensi kerajaan dan sebenarnya ada sebilangan besar rakyat yang data mereka tidak lengkap atau tidak cukup jadi padu ini ada dua benda nak kena setel pada peringkat awal 1 satukan semua data dari pelbagai agensi ke dalam satu,0
327,data memang dah ada tapi bersepah di setiap agensi kerajaan dan sebenarnya ada sebilangan besar rakyat yang data mereka tidak lengkap atau tidak cukup jadi padu ini ada dua benda nak kena setel pada peringkat awal 1 satukan semua data dari pelbagai agensi ke dalam satu,0
328,data memang dah ada tapi bersepah di setiap agensi kerajaan dan sebenarnya ada sebilangan besar rakyat yang data mereka tidak lengkap atau tidak cukup jadi padu ini ada dua benda nak kena setel pada peringkat awal 1 satukan semua data dari pelbagai agensi ke dalam satu,0
329,data memang dah ada tetapi bersepah di setiap agensi kerajaan dan sebenarnya ada sebilangan besar rakyat yang data mereka tidak lengkap atau tidak cukup jadi padu ini ada dua benda nak kena setel pada peringkat awal 1 satukan semua data dari pelbagai agensi ke dalam satu,0
330,aduhhh susah laa jenis susah faham apa fungsi padu padu tu  pangkalan data utama dekat situ  boleh tau sapa yg layak je bang  bukannya satu platform  utk mensalurkan segala bantuan bang  kalau melalui acc ni tk practical sgt sebab setiap org menggunakan petrol tk sama bang,0
331,aduhhh susah laa jenis susah faham apa fungsi padu padu tu  pangkalan data utama dekat situ  boleh tau sapa yg layak je bang  bukannya satu platform utk mensalurkan segala bantuan bang  kalau melalui acc ni tk practical sgt  sebab setiap org penggunaan petrol tak sama bang,0
332,aduhhh susah laa jenis susah faham  apa function padu padu tu  pangkalan data utama dekat situ  boleh tau sapa yg layak je bang  bukan satu platform  utk mensalurkan segala bantuan  bang  kalau  lewat acc ni tk practical sgt  sebab setiap org  penggunaan petrol  tk sama  bang,0
333,aduhhh susah laa jenis susah faham apa function padu padu tu pangkalan data utama dekat situ boleh tau sapa yg layak je bang bukannya satu platform utk mensalurkan segala bantuan bang kalau melalui acc ni tk practical sgt sebab setiap org penggunaan petrol tk sama bang,0
334,aduhhh susah laa jenis susah faham apa fungsi padu padu tu  pangkalan data utama dekat situ  boleh tau sapa yg layak je bang  bukan satu platform utk mensalurkan segala bantuan bang  kalau melalui acc ni tk practical sgt sbb setiap org penggunaan petrol tk sama bang,0
335,selangor mencatat bilangan tertinggi dengan 1 282 kawasan masih belum diliputi sistem itu  baca berita penuh di portal media variasi padu malaysiamadani,1
336,selangor catat  bilangan tertinggi dengan 1 282 kawasan masih belum diliputi sistem itu  baca berita penuh di portal media variasi padu malaysiamadani,1
337,selangor mencatat bilangan tertinggi dengan 1 282 kawasan masih belum diliputi sistem itu baca berita penuh di portal media variasi padu malaysiamadani,1
338,selangor catat angka tertinggi dgn 1 282 daerah masih belum diliputi sistem itu  baca berita penuh di portal media variasi padu malaysiamadani https://t.co/fQRtfBb6vN,0
339,selangor mencatat  bilangan tertinggi dengan 1 282 kawasan masih belum diliputi sistem itu baca berita penuh di portal media variasi padu malaysiamadani,1
340,tak mungkin ada data leak kat pengkalan utama,0
341,tak mungkin ada ketirisan data dekat pengkalan utama,1
342,tak mungkin ada kebocoran data di pengkalan utama,1
343,tak mungkin ada kebocoran data kat pengkalan utama,1
344,tak mungkin  ada la data kebocoran di pengkalan utama,0
345, hadir majlis pelancaran pangkalan data utama padu dirasmi oleh pmx ds di picc putrajaya juga hadir forum memacu peralihan melalui padu oleh 3 tokoh tahniah kementerian ekonomi yb amp serta agensi berkaitan yg siapkan padu utk rakyat,2
346,hadir majlis launch pangkalan data utama padu dirasmi oleh pmx ds di picc putrajaya turut hadir forum memacu peralihan melalui padu oleh 3 tokoh tahniah kementerian ekonomi  yb amp serta agensi berkaitan yg siapkan padu utk rakyat,2
347,hadir majlis pelancaran pangkalan data utama padu dirasmi oleh pmx ds di picc putrajaya juga hadir forum memacu peralihan melalui padu oleh 3 tokoh tahniah kementerian ekonomi yb amp serta agensi berkaitan yg siapkan padu utk rakyat,2
348, hadir majlis pelancaran pangkalan data utama padu dirasmi oleh pmx ds di picc putrajaya turut hadir forum memacu peralihan melalui padu oleh 3 tokoh tahniah kementerian ekonomi yb amp serta agensi berkaitan yg siapkan padu utk rakyat,2
349, hadir majlis pelancaran pangkalan data utama padu dirasmi oleh pmx ds di picc putrajaya  hadir forum memacu peralihan melalui padu oleh 3 tokoh tahniah kementerian ekonomi  yb amp serta agensi berkaitan yg siapkan padu utk rakyat,2
350,assalamualaikum dan salam sejahtera  jemputan ke sesi townhall pecutan akhir pendaftaran padu  tarikh tutup untuk orang ramai mengemaskini maklumat peribadi dalam pengkalan data utama padu akan berakhir pada 31 mac ini bagi memastikan hebahan kepada orang awam khususnya,2
351,assalamualaikum dan salam sejahtera jemputan ke sesi townhall pecutan akhir pendaftaran padu tarikh tutup  bagi orang ramai mengemaskini maklumat peribadi dalam pengkalan data utama padu bakal berakhir pada 31 mac ini bagi memastikan hebahan kepada orang awam khas https://t.co/9ZDqE9jb1U,2
352,assalamualaikum dan salam sejahtera  jemputan ke sesi townhall pecutan akhir pendaftaran padu  tarikh tutup untuk orang ramai mengemaskini maklumat peribadi dalam pengkalan data utama padu akan berakhir pada 31 march ini bagi memastikan hebahan kepada orang awam khas,2
353,assalamualaikum dan salam sejahtera  jemputan ke sesi townhall pecutan akhir pendaftaran padu  tarikh tutup bagi orang ramai mengemaskini maklumat peribadi dalam pengkalan data utama padu akan berakhir pada 31 mac ini bagi memastikan hebahan kepada orang awam khususnya,2
354,assalamualaikum dan salam sejahtera  jemputan ke sesi townhall pecutan akhir  pendaftaran padu  tarikh tutup untuk orang ramai mengemaskini maklumat peribadi dalam pengkalan data utama padu akan berakhir pada 31 mac ini bagi memastikan hebahan kepada orang awam khususnya,2
355,dah bulan februari tapi masih ramai yang risau untuk mendaftar di sistem pangkalan data utama padu kali ini biar tok mie yang terangkan pula repost pangkalandatautama padu madani klfm972,0
356,dah bulan februari tapi masih ramai yang risau untuk mendaftar di sistem pangkalan data utama padu kali ini biar tok mie yang terangkan pula repost pangkalandatautama padu madani klfm972,0
357,dah bulan februari tapi masih ramai yang risau untuk mendaftar di sistem pangkalan data utama padu kali ini biar tok mie yang terangkan pula repost  pangkalandatautama  padu madani klfm972,0
358,dah bulan februari tapi masih ramai yang risau untuk mendaftar di sistem pangkalan data utama padu kali ini biar tok mie yang terangkan pula repost pangkalandatautama padu madani klfm972,0
359,dah bulan februari  tapi masih ramai yang risau nak daftar dalam sistem database utama padu kali ini  biar tok mie yang terangkan pula repost  pangkalandatautama  padu madani  klfm972,0
360,pengkalan data utama dah siap ke  bai gila la dah update,1
361,pengkalan data utama  dah siap ke bai  gila la dah update,0
362,pengkalan data utama dah siap ke bai gila la dah update,1
363,pengkalan data utama dah siap ke bai gila la dah update,1
364,pengkalan data utama dah siap ke  bai gila la dah update,1
365,padu adalah pengkalan data utama yg diintergrasikan dgn segala info yg ada dlm agensipu,1
366,padu is the key data base intergrating with all the information in government agencies,1
367,padu  pengkalan data utama yg diintergrasi dgn semua informasi yg ada dlm agensiagensi kerajaan,1
368,padu adalah pengkalan data utama yang diintergrasikan dengan segala kemajoran yang ada di dalam agensiagensi pemerintah,1
369,padu la pengkalan data utama intergrate dgn segala privasi di dalam agensiagensi gomen,1
370,kardah 2008 ni terlalu general kerajaan gagal untuk kenal pasti siapa yang benar layak untuk dapat subsidi 2024 kerajaan madani cuba lagi sekali tapi keadah penyasaran dibuat menggunakan data pengkalan data utama padu yang lagi menyeluruh amp tepat,0
371,kardah 2008 ni terlalu general kerajaan gagal  untuk kenal pasti siapa yg benar-benar layak untuk dapat subsidi 2024 kerajaan madani cuba lagi sekali tapi keadah penyasaran dibuat menggunakan data pengkalan data utama padu yang lagi menyeluruh amp tepat,0
372,kardah 2008 ni terlalu general kerajaan gagal  untuk kenal pasti siapa yg benar-benar layak untuk dapat subsidi 2024 kerajaan madani cuba lagi sekali tapi keadah penyasaran dibuat menggunakan data pengkalan data utama padu yang lagi menyeluruh amp tepat,0
373,kardah 2008 ni terlalu general kerajaan gagal untuk kenal pasti siapa yg benar layak untuk dapat subsidi 2024 kerajaan madani cuba lagi sekali tapi keadah penyasaran dibuat menggunakan data pengkalan data utama padu yang lagi menyeluruh amp tepat,0
374,kardah 2008 ni terlalu general kerajaan gagal untuk kenal pasti siapa yg benar layak untuk dapat subsidi 2024 kerajaan madani cuba lagi sekali tapi keadah penyasaran dibuat menggunakan data pengkalan data utama padu yang lagi menyeluruh amp tepat,0
375,memang tak integrated sebab tu rafizi buat inisiatif pengkalan data utama padu dari itu patutnya boleh je identify ikut keperluan,1
376,memang tak integrated sebab tu rafizi buat initiative pengkalan data utama padu from that patutnya boleh je identify ikut keperluan,1
377,memang tak integrated sebab tu rafizi buat inisiatif pengkalan data utama padu dari itu patutnya boleh je identify ikut keperluan,1
378,memang tak integrated sebab tu rafizi buat inisiatif pengkalan data utama padu dari itu sepatutnya boleh je identify ikut keperluan,1
379,memang tak integrated sebab tu rafizi buat inisiatif pengkalan data utama padu from that patutnya boleh je identify ikut keperluan,1
380,Keputusan pertama yang dibuat pada pendtadbiran ini dalam hal subsidi bersasar adalah untuk membangun pangkalan data utama padu sebagai sumber rujukan berpusat dan menumpukan kumpulan sasar yang benar layak padu yang dijadualkan dilancarkan pada bulan januari https://t.co/wRtXYKxEQX,2
381,Keputusan pertama yang dibuat pada pendtadbiran ini dalam hal subsidi bersasar adalah untuk membangunkan pangkalan data utama padu sebagai sumber rujukan berpusat dan menumpukan kumpulan sasar yang benar layak padu yang dijadualkan akan dilancarkan pada bulan januari,2
382, keputusan pertama yang dibuat pada pendtadbiran ini dalam hal subsidi bersasar adalah untuk membangunkan pangkalan data utama padu sebagai sumber rujukan berpusat dan menumpukan kumpulan sasaran yang benar layak padu yang dijadualkan akan dilancarkan pada bulan januari,2
383,Keputusan pertama yang dibuat pada pendtadbiran ini dari segi subsidi bersasar adalah untuk membangunkan pangkalan data utama padu sebagai sumber rujukan berpusat dan menumpukan kumpulan sasar yang benar layak padu yang dijadualkan akan dilancarkan pada januari https://t.co/HvFwUZF3Xn,2
384,Keputusan pertama yang dibuat pada pendtadbiran ini dalam hal subsidi bersasar adalah untuk membangunkan pangkalan data utama padu sebagai sumber rujukan berpusat dan menumpukan kumpulan sasar yang benar-benar layak padu yang dijadualkan akan dilancarkan pada bulan januari,2
385,# ## # ## # ## ## # # # # # # # # # # # # # # # # # # # # # # # # # # # # # # # # # # # # # # # # # # # # # # # # # # # # # # # # # # # # # # # # # # # # # # # # # # # # # # # # # # # # # # # #,1
386,"kerajaan dijangka putuskan mekanisme subsidi bersasar minggu depan padu

 subsidisimasi https://t.co/n7j7YZVUQm",0
387,kerajaan dijangka putuskan mekanisme subsidi bersasar minggu depan padu subsidibersasar https://t.co/VqRkJ6t0Ou,0
388,kerajaan dijangka putuskan mekanisme subsidi bersasar minggu depan  padu subsidiibersasar,1
389,Kerajaan dijangka putuskan mekanisme subsidi bersasar minggu depan  padu subsidiibersasar,1
390,2 januari 2023 selasa ybrs tuan amran bin abd kadir timbalan ketua pegawai eksekutif skm menghadiri bagi pihak skm di majlis peluncuran padu pengkalan data utama negara yang telah dirasmikan oleh yab datuk seri anwar bin ibrahim perdana menteri malaysia di picc,1
391,2 januari 2023 selasa  ybrs  tuan amran bin abd kadir  timbalan ketua pegawai eksekutif skm menghadiri bagi pihak skm  majlis  peluncuran padu pengkalan data utama negara  yang telah dirasmikan oleh  yab  datuk seri anwar bin ibrahim  perdana menteri Malaysia di picc,1
392,"2 januari 2023 selasa 
YBrs tuan amran bin abd kadir 
Timbalan Ketua Pegawai Eksekutif skm  menghadiri bagi pihak skm 
di majlis peluncuran padu pengkalan data utama negara 
Telah dirasmikan oleh yab datuk seri Anwar bin ibrahim 
Paparan Malaysia",1
393,2 januari 2023 selasa ybrs tuan amran bin abd kadir timbalan ketua pegawai eksekutif skm menghadiri bagi pihak skm pada majlis pelancaran padu pengkalan data utama negara yang telah dirasmikan oleh yab datuk seri anwar bin ibrahim perdana menteri malaysia di picc,1
394,2 januari 2023 selasa ybrs tuan amran bin abd kadir timbalan ketua pegawai eksekutif skm menghadiri bagi pihak skm di majlis peluncuran padu pengkalan data utama negara yang telah dirasmikan oleh yab datuk seri anwar bin ibrahim perdana menteri malaysia di picc,1
395,menu padu membantu warga aadk  mendaftar warga agensi antidadah kebangsaan  aadk hari ini  berpeluang mendaftar dan mengemaskini maklumat dalam sistem pengkalan data utama padu  yang dibuka di lobi utama ibu pejabat aadk pada selasa,1
396, kaunter padu bantu warga aadk  mendaftar warga agensi antidadah kebangsaan aadk  hari ini berpeluang  mendaftar dan mengemaskini maklumat dalam sistem pengkalan data utama padu yang dibuka di lobi utama ibu pejabat aadk pada selasa https://t.co/zbTpfn8dS7,1
397,Kaunter padu bantu warga aadk  mendaftar warga agensi antidadah kebangsaan aadk  hari ini  berpeluang mendaftar dan mengemaskini maklumat dalam sistem pengkalan data utama padu  yang dibuka di lobi utama ibu pejabat aadk pada selasa https://t.co/IyVXRK8Nd6,1
398,Kaunter padu bantu warga aadk  mendaftar warga agensi antidadah kebangsaan  aadk  hari ini berpeluang mendaftar dan mengemaskini maklumat dalam sistem pengkalan data utama padu  yang dibuka di lobi utama ibu pejabat aadk pada selasa https://t.co/zm0Rz9mG3g,1
399,Kaunter padu bantu warga aadk  mendaftar warga agensi antidadah kebangsaan aadk hari ini  berpeluang mendaftar dan mengemaskini maklumat dalam sistem pengkalan data utama padu yang dibuka di lobi utama ibu pejabat aadk pada Selasa https://t.co/U1k7z5FH0K,1
400,1 salam semua  dah 6 hari sejak padu berakhir pasti ramai yang rindu nak tengok posting berkaitan padu dikongsikan newsletter siri 1 https://t.co/RKZt3EzcRb,0
401,1 salam semua dah 6 hari since padu ended pasti ramai yang rindu nak tengok posting berkaitan padu dikongsikan newsletter siri 1,1
402,1 salam semua dah 6 hari sejak padu tamat pasti ramai yang rindu nak tengok posting berkaitan padu dikongsikan newsletter series 1,2
403,1 salam semua dah 6 hari since padu end pasti ramai yang rindu nak tengok posting berkaitan padu dikongsikan newsletter seri 1,1
404,1 salam semua dah 6 hari sejak padu berakhir pasti ramai yang rindu nak tengok post berkaitan padu dikongsikan newsletter siri 1,0
405,yb saya nk tanya ttg aduan yg dibuat ke unit pengkalan data utama ni tidak akan dibalas ker dah seminggu lebih saya buat aduan namun tiada sebarang respon atau maklumbalas,1
406,yb saya nk bertanyakan ttg aduan yg dibuat ke unit pengkalan data utama ni tak akan dibalas ker dah seminggu lebih saya buat aduan namun tiada sebarang respon atau maklumbalas,1
407,yb saya nk tanya ttg aduan yg dibuat ke unit pengkalan data utama ni tak akan dibalas ker dah seminggu lebih saya buat aduan namun tiada sebarang respon atau mak feedback,1
408,yb saya nk tanya ttg aduan yg dibuat ke unit pengkalan data utama ni  tak akan dibalas ker dah seminggu lebih saya buat aduan namun tiada sebarang respon  atau mak balas,0
409,yb saya nk tanya ttg aduan yg dibuat ke unit pengkalan data utama ni tidak akan dibalas ker dah seminggu lebih saya buat aduan namun tiada sebarang respon atau mak balas,0
410,why x dtambah dalam padukata data pengkalan utamacentralized ajela situtambah ruangorg update situ ajenama pn sistem,1
411,why x dtambah dalam padukata data pengkalan utamacentralized ajela situtambah ruangorg update situ ajenama pn sistem,1
412,why x dtambah dalam padukata data pengkalan utamacentralized ajela situtambah ruangorg update situ ajenama pn sistem,1
413,kenapa x dtambah dalam padukata data pengkalan utamacentralized ajela situtambah ruangorg update situ ajenama pn sistem,0
414,why x dtambah in padukata data pengkalan utamacentralized ajela situtambah ruangorg update situ ajenama pn sistem,1
415,data sistem padu telah sedia dilaksanakan bilabila masa sahaja untuk program rakyat termasuk subsidi bersasar menteri ekonomi rafizi ramli  bagaimanapun berkata sebarang keputusan akan diputuskan kerajaan pada masa yang sesuai bagi elak spekulasi padu astroradionews,0
416,data sistem padu telah sedia dilaksanakan bilabila masa sahaja untuk program rakyat termasuk subsidi bersasar menteri ekonomi rafizi ramli  however said any decision would be decided by the government at the appropriate time bagi elakkan spekulasi padu astroradionews,0
417,data sistem padu telah sedia dilaksanakan bilabila masa sahaja untuk program rakyat termasuk subsidi bersasar menteri ekonomi rafizi ramli  bagaimanapun berkata sebarang keputusan akan diputuskan kerajaan pada masa yang sesuai bagi elakkan spekulasi padu astroradionews,0
418,data sistem padu telah sedia dilaksanakan bilabila masa sahaja untuk program rakyat termasuk subsidi bersasar menteri ekonomi rafizi ramli  bagaimanapun berkata sebarang keputusan akan diputuskan kerajaan pada masa yang sesuai bagi elakkan spekulasi padu astroradionews,0
419,Data sistem padu telah sedia dilaksanakan bilabila masa sahaja untuk program rakyat termasuk subsidi bersasar menteri ekonomi rafizi ramli  namun bagaimanapun berkata sebarang keputusan akan diputuskan kerajaan pada masa yang sesuai bagi elakkan spekulasi padu astroradionews,0
420,kalau mak dapat duit anak beri itu kira pendapatan la kan padu,0
421,kalo mak dapat duit anak beri itu kira pendapatan la kan padu,0
422,kalau mak dapat duit anak beri itu kira pendapatan la kan padu,0
423,kalau mak dapat duit anak beri itu kira pendapatan la kan padu ,0
424,kalau mak dapat duit anak beri itu kira pendapatan la kan padu,0
425,padu pengkalan data utama tak paham bahasa melayu rupanya,1
426,padu pengkalan data utama tak paham bahasa melayu rupanya,1
427,padu pengkalan data utama tak paham bahasa melayu rupanya,1
428,padu pengkalan data utama tak paham bahasa melayu rupanya,1
429,padu pengkalan data utama tak paham bahasa melayu rupanya,1
430,padu ni kan  kan kita sembang jenis architecture yang ideal 100 apibased atau sembang babi terbang dengan mengambil kira sistemsistem gomen yang rasa ada yang legasi dan proses it gomen yang saya rasa perlukan banyak pembaharuan 23 tahun baru golive kot,2
431,padu ni kan kalau kita sembang jenis architecture yang ideal 100 apibased atau sembang babi terbang dengan mengambil kira sistemsistem gomen yang rasa ada yang legasi dan proses it gomen yang saya rasa perlukan banyak pembaharuan 23 tahun baru golive kot,2
432,padu ni kan kalau kita sembang jenis architecture yang ideal 100 apibased atau sembang babi terbang dengan mengambil kira sistemsistem gomen yang rasa ada yang warisan dan proses it gomen yang saya rasa perlukan banyak pembaharuan 23 tahun baru golive kot,0
433,padu ni kan kalau kita sembang jenis architecture yang ideal 100 apibased atau sembang babi terbang dengan mengambil kira sistemsistem gomen yang rasa ada yang legasi dan process it gomen yang i rasa perlukan banyak pembaharuan 23 tahun baru golive kot,0
434,padu ni kan kalau kita sembang jenis architecture yg ideal  100 apibased or sembang babi terbang  dengan mengambil kira sistemsistem gomen  yang rasa ada yang legasi dan process it gomen  yg saya rasa perlukan byk pembaharuan 23 tahun baru golive kot,2
435,ada yang masih belum isi ke padu,1
436,ada yang masih tak isi ke padu,0
437,ada yg masih belum isi ke padu,1
438,ade yg masih x isi ke padu,1
439,ada yang belum isi ke padu,1
440,penafian berkenaan sistem padu yang tular di media sosial dosmpahang dosm pahang,1
441,belanjawan 2025 komitmen padu kerajaan kurangkan hutang malaysiamadani hutangnegara,0
442,bayangkan sebelum ini kalau nak berurusan dengan 3 institusi sektor awam kita perlu isi banyak dokumen berbeza dan bawa berpuluh dokumen sokongan tapi maklumat yang diisi hampir sama sekarang di bawah pengkalan data utama padu semua data di bawah satu bumbung,1
443,tarikh akhir pada ahad ini pendaftaran pangkalan data utama padu mendapat sambutan tersangat hangat di pangsapuri mutiara fadason kepong kuala lumpur padu forkepong,2
444,sedang menunggu majlis peluncuran padu pangkalan data utama,0
445,tarikh terakhir padu buat postingnya apa terjadi pada pengkalan data utama bawah madani ini di mana tahap kebersanan dia apa rekod kemajuan demi ekonomi or sistem data lebih cekap,1
446,miti merupakan nadi utama dalam pengurusan operasi sektorsektor ekonomi dan memperkenalkan covid19 intelligent management system di mana ia merupakan pengkalan data komprehensif perniagaan daripada pelbagai sektor pmrutcsabahshareinfo komunikasikita jabatanpenerangan,2
447,bermula 2 januari 2024 korang boleh mendaftar dan mengemas kini maklumat korang ke dalam sistem pangkalan data utama padu sistem ini dibuka kepada pengguna sehingga 31 mac 2024 sebarkan pautan portal padu fahmi fadzil,1
448,pagi ini saya mengiringi yab datuk seri utama ab rauf bin yusoh ketua menteri melaka ke majlis peluncuran pengkalan data utama padu yang disempurnakan oleh yab dato seri anwar ibrahim perdana menteri malaysia di pusat konvensyen antarabangsa putrajaya picc seperti yang,1
449,progres pembangunan sistem pengkalan data utama padu sudah mencapai 72 ketika ini menurut kementerian ekonomi usai pelancarannya yg dijangka antara januarimac 2024 sistem padu akan dibuka buat pengguna bagi membolehkan pengemaskinian maklumat individu,2
450,kalau anda mohon bantuan kerajaan akan melakukan semakan sama ada anda layak atau tidak pasti kerajaan akan semak data terkumpul yang mereka ada macam pengkalan data utamapaduright maaflah kita tak berlajar luar negara atau terkoperat but we not that dumb,0
451,budimadani ini sepatutnya ada dalam padu terus just click dan sahkan sahaja tidak perlu pelbagai sistem bagi sayalah jadi kepada yang mahu subsidi tapi belum ada padu akan terpaksa daftar,0
452,data padu wee tuntut penjelasan rafizi terkilan dituduh tipu,0
453,pasukan tindak balas insiden keselamatan siber sektor awam csirt sentiasa siaga lindungi padu dari sebarang kebocoran maklumat semasa padu,1
454,mahasiswa keadilan malaysia bantu mahasiswa uia daftarkan padu mahasiswakeadilan bekerjademimahasiswa padu,2
455,600 000 penjawat awam mendaftar padu mediaselangor selangortv semasastv selangor beritaselangor padu dosm penjawatawam,2
456,malaysia bentang padu di forum data doha pelbagai negara sifatkan sistem inklusif berita nasional terkini artikelpercuma padu,1
457,tanpa kajian menyeluruh dan data tepat pemansuhan subsidi yang sepatutnya kepada golongan mewah dikhuatiri menimpa mereka yang sekadar cukup makan petrol timmysay subsidi padu t15,2
458,1765 juta profil warganegara telah dikemas kini dalam sistem padu rafizi bernamanews bernamaimages padu,1
459,padu budi macam mana ni apa sebenarnya fungsi pangkalan data utama atau padu berjuta ringgit belanja untuk padu tapi tak gunakan rugilahhh apa yang ditanya setiausaha agung pemuda mca ada logik juga padu budi,0
460,kenapa tak diselaraskan semua pengkalan data itu semua ke dalam satu pengakalan data utama sahaja wujudkan satu jabatan untuk urus bab keselamatan dan akses semua data tu,1
461,alhamdulillah taklimat sistem pengkalan data utama padu kepada warga jabatan penerangan wilayah persekutuan kuala lumpurputrajaya,1
462,jom kome jumpe kami di program perlaksanaan padu pengkalan data utama pada 20 januari 2024 sabtu dari jam 900 pagi hingga 500 petang di pusat ekonomi digital batu kurau pelbagai perkhidmatan yang akan diberikan melalui van mekar jpn perak ate moh lerassss,2
463,sekitar suasana pembukaan kaunter fizikal padu hari ini 30 mac 2024 sabtu bertempat di uptown muar bandar diraja berbaki hari sahaja lagi sebelum sistem padu ditutup pada 31 mac 2024,1
464,padu pak hassan bagi presiden dia sendiri rangkaian kedua 5g dan munculnya lagi kapitalis kroni oleh hassan abdul karim satu kesilapan besar yang dilakukan oleh pentadbiran kerajaan perdana menteri keempat tun dr mahathir mohamad dari tahun 1982 hingga,0
465,pada 23 mac lalu menteri ekonomi rafizi ramli dilaporkan berkata kerajaan tidak bercadang untuk melanjutkan proses pendaftaran serta kemas kini sistem padu yang akan berakhir hari ini padu,0
466,sebentar tadi hadir ke majlis peluncuran pangkalan data utama padu yang disempurnakan oleh yab dato seri anwar bin ibrahim perdana menteri malaysia di dewan perdana picc putrajaya padu,1
467,info on wheels pangkalan data utama padu pejabat penerangan daerah marang parlimen p 037 marang dun n20 pengkalan berangsn jabatanpenerangan japentrg,1
468,pasal padu ni aku tak letakkan satu tanggapan yg sistem ni akan menyelesaikan permasalahan umat sbb asas dia padu ni sistem pengkalan data tujuan utama adlh untk satukan data sahaja dan bg yg asyik duk tanya knp tak guna data sedia ada ya diorg guna data sedia ada,0
469,nak bantuan kerajaan daftar dalam sistem pengkalan data utama padu ini yang perlu anda fahami tentang padu mydoa,1
470,buletinbernama selangor kongsi data selangkah bagi proses semak silang sistem padu digitalbernamatv selangkah padu,1
471,malaysia kini berada di kedudukan teratas dalam senarai pasaran pusat data yang paling pesat berkembang di asia menjelang 2035 malaysia diramalkan menguasai 23 kapasiti pasaran pusat data asia tenggara miti akan memanfaatkan kelebihan ini sebagai pemangkin untuk memacu,2
472,kenapa padu tak dilindungi bawah akta perlindungan data peribadi 2024 akta709 jadi tak hairanlah kalau rakyat rasa tak yakin dengan padu dan bimbang tentang keselamatan data peribadi mereka,0
473,mekanisme penyasaran subsidi ron95 akan menggunakan sepenuhnya data padu dan penentuan kumpulan sasar ditentukan berdasarkan pendapatan boleh guna bersih isi rumah kementerian ekonomi bernamabiz padu parlimen,2
474,detail kita ada kt jpn lhdn epf bnm etc2 semua agensi ni tak berkongsi data pelanggan sesama mereka pengkalan data utama ni di wujudkan supaya semua data kita centralised dan lebih mudah utk diakses oleh agency2 kerajaan termasuklah utk assign subsidi,0
475,gigih daftar padu tapi disuruh makan ubi kayu,1
476,apa selepas 52 padu bantuan moga tidak tercicir subsidi moga tidak tersasar inflasi bakal merebak harga minyak turun nantikan,0
477,sekitar perlaksanaan info on wheels daerah nabawan lokasi hebahan 1 kg malinja a b ria a b c fokus hebahan hebahan perlaksanaan pengkalan data utama padu japensabah,1
478,tarikh tutup untuk orang ramai mengemaskini maklumat peribadi dalam pengkalan data utama padu akan berakhir pada ini,2
479,padu memacu negara menghadiri majlis peluncuran pangkalan data utama padu yang disempurnakan oleh yab perdana menteri di pusat konvensyen antarabangsa putrajaya picc sebentar tadi sistem padu ini merupakan komponen utama dalam menjayakan satu dari reformasi utama ekonomi,2
480,18 mac 2024 isnin 1200 tgh info on wheels iow daerah machang hebahan berkaitan pengkalan data utama padu sekitar kemuning iaitu di kg pangkal petai kg sega kg kubur minah kg pemanok amp kg bukit bakar bergheh,1
481,tak mahu daftar padu kerana risaukan aspek keselamatan setakat ini terdapat 2 juta cubaan memecah masuk ke sistem padu secara purata sehari tetapi semuanya dapat dipatahkan pasukan pembangunan sistem padu yang diketuai oleh jabatan digital negara dulu dikenali sebagai,2
482,mungkin vapt pun tak buat gov terlalu defensive bila external expert cakap ada systems flaws kalau nama dah pengkalan data utama kena make sure all systems security comply hmmm,0
483,kaunter padu kaunter padu jom daftar pengkalan data utama padu untuk menggelakkan keciciran sumbangan dan subsidi sekitar kaunter padu di surau albukhari taman desa tanjung damai dan surau kg pak katak pada 15 mac 2024,1
484,um1stbday kumpulan2 tindakan belia ditubuhkan di komuniti2 dan kini kami mempunyai pengkalan data penggerak2 utama yg akan diterbitkan,1
485,rekod pengemaskinian di sistem pengkalan data utama padu malaysiamadani japenselangor,1
486,alhamdulillahsebelum raya aidiladha nantibagi yang daftar padu auto tanggungan anak yang berumur 18tahun keatas dapat dalam kategori bujangdan bagi kir b40 miskin miskin tegar t20 m40 padu malaysiamadani,2
487,600 000 penjawat awam selesai daftar padu ketua perangkawan japensarawak padu,0
488,jemputan ke sesi townhall pecutan akhir pendaftaran padu tarikh tutup untuk orang ramai mengemaskini maklumat peribadi dalam pengkalan data utama padu akan berakhir pada 31 mac ini,2
489,icymi daftar padu rendah petanda rakyat tak percaya rafizi sebagai menteri wan saiful malaysiagazette menteriekonomi padu,0
490,semua penjawat awam diminta agar mengemas kini maklumat dan data di dalam sistem pengkalan data utama padu selewatlewatnya 15 februari ini awaninews awani745,0
491,subsidi bersasar elektrik bagi t20 diumum selepas siap pengkalan data utama prn6negeri prihatinbersihstabil pnbest,2
492,miti merupakan nadi utama dalam pengurusan operasi sektorsektor ekonomi dan memperkenalkan covid19 intelligent management system di mana ia merupakan pengkalan data komprehensif perniagaan daripada pelbagai sektor komunikasikita jabatanpenerangan jendela perlismaju,2
493,kalau tak daftar padu tu jadi apa,1
494,pendaftaran pengkalan data utama padu tidak mencapai sasaran yang ditetapkan 298 juta apabila merekodkan hanya 1155 526 warganegara berumur 18 tahun yang mendaftar dan mengemas kini dalam sistem itu sehingga ditutup pada 31 mac lalu,0
495,kita isi padu dengan jarak pejabat dari rumah siap bagi butiran akaun bank sudahnya cadangan rasionalisasi subsidi guna mykad buang masa duit dan tenaga,0
496,cuma sekarang ini proses penggabungan dua sistem ini belum boleh dilaksana padu sistem pengkalan data utama mydigital id fokus kpd maklumat id sahaja iaitu no ic dan nama pemilik di serta kata kunci utk akses apa2 aplikasi dlm talian,1
497,jawapan padu menteri ekonomi dalam isu bagaimana kaedah penyasaran subsidi ron95 akan dilaksanakan apa pandangan korang guys rt sebarkan parlimen ron95,0
498,lebih 50 peratus rakyat perak sudah daftar padu negara daftar kementerianekonomi padu perak,2
499,info on wheels iow pejabat penerangan daerah baling program jualan rahmah dan hebahan sistem pengkalan data utama padu tarikh 4 februari 2024 ahad masa 1000 pagi kawasan parlimen p016 baling dun n32 kuala ketil daerah baling,1
500,jom daftar padu malaysiamadani padu pengkalandatautama sikamat seremban kombes,1
501,waspada jabatan pangkalan data utama padu tidak pernah wujud dan pengemaskinian maklumat individu dalam sistem padu telah ditutup pada 31 mac 2024 jangan tertipu dengan panggilan palsu dari pihak yang tidak bertanggungjawab padu bealert scamalert,0
502,hebahan padu di karangan dan sedim pada 22012024 jom pakat update padu sekarang padu jabatanpeneranganmalaysia jabatanperangkaanmalaysia dosmkedah,2
503,minggu ini pejabat saya telah menolong ramai untuk daftar dalam padu jika anda belum dan memerlukan bantuan sila datang ke pejabat saya sabtu minggu ini 23 mac 2024 pendaftaran padu akan ditutup pada 31 mac 2024 padu,2
504,para penganalis ekonomi digital seluruh dunia meletakkan pembinaan pengkalan data sebagai satu keperluan utama untuk dunia yang serba canggih,2
505,data memang dah ada tetapi bersepah di setiap agensi kerajaan dan sebenarnya ada sebilangan besar rakyat yang data mereka tidak lengkap atau tidak cukup jadi padu ini ada dua benda nak kena setel pada peringkat awal 1 satukan semua data dari pelbagai agensi ke dalam satu,0
506,aduhhh susah laa jenis susah faham apa fungsi padu padu tu pangkalan data utama dekat situ boleh tau sapa yg layak je bang bukannya satu platform utk mensalurkan segala bantuan bang kalau melalui acc ni tk practical sgt sebab setiap orang penggunaan petrol tk sama bang,0
507,selangor mencatat bilangan tertinggi dengan 1 282 kawasan masih belum diliputi sistem itu baca berita penuh di portal media variasi padu malaysiamadani,1
508,tak maybe ada kebocoran data di pengkalan utama,1
509,hadir majlis pelancaran pangkalan data utama padu dirasmi oleh pmx ds di picc putrajaya juga hadir forum memacu peralihan melalui padu oleh 3 tokoh tahniah kementerian ekonomi yb amp serta agensi berkaitan yg siapkan padu utk rakyat,2
510,assalamualaikum dan salam sejahtera jemputan ke sesi townhall pecutan akhir pendaftaran padu tarikh tutup untuk orang ramai mengemaskini maklumat peribadi dalam pengkalan data utama padu akan berakhir pada 31 mac ini bagi memastikan hebahan kepada orang awam khususnya,2
511,dah bulan februari tapi masih ramai yang risau untuk mendaftar di sistem pangkalan data utama padu kali ini biar tok mie yang terangkan pula repost pangkalandatautama padu madani klfm972,0
512,pengkalan data utama dah siap ke bai gila la dah update,1
513,padu adalah pengkalan data utama yang diintergrasikan dengan semua matlumat yang ada dalam agensiagensi kerajaan,1
514,kardah 2008 ni terlalu general kerajaan gagal untuk kenal pasti siapa yg benarbenar layak untuk dapat subsidi 2024 kerajaan madani cuba lagi sekali tapi keadah penyasaran dibuat menggunakan data pengkalan data utama padu yang lagi menyeluruh amp tepat,0
515,memang tak integrated sebab tu rafizi buat initiative pengkalan data utama padu from that patutnya boleh je identify ikut keperluan,1
516,keputusan pertama yang dibuat pada pendtadbiran ini dalam hal subsidi bersasar adalah untuk membangunkan pangkalan data utama padu sebagai sumber rujukan berpusat dan menumpukan kumpulan sasar yang benarbenar layak padu yang dijadualkan akan dilancarkan pada bulan januari,2
517,kerajaan dijangka putuskan mekanisme subsidi bersasar minggu depan padu subsidibersasar,2
518,2 januari 2023 selasa ybrs tuan amran bin abd kadir timbalan ketua pegawai eksekutif skm menghadiri bagi pihak skm di majlis peluncuran padu pengkalan data utama negara yang telah dirasmikan oleh yab datuk seri anwar bin ibrahim perdana menteri malaysia di picc,1
519,kaunter padu bantu warga aadk mendaftar warga agensi antidadah kebangsaan aadk hari ini berpeluang mendaftar dan mengemaskini maklumat dalam sistem pengkalan data utama padu yang dibuka di lobi utama ibu pejabat aadk pada selasa,1
520,1 salam semua dah 6 hari sejak padu berakhir pasti ramai yang rindu nak tengok posting berkaitan padu dikongsikan newsletter siri 1,0
521,yb saya nk tanya ttg aduan yg dibuat ke unit pengkalan data utama ni tidak akan dibalas ker dah seminggu lebih saya buat aduan namun tiada sebarang respon atau maklumbalas,1
522,kenapa x dtambah dalam padukata data pengkalan utamacentralized ajela situtambah ruangorg update situ ajenama pn sistem,0
523,data sistem padu telah sedia dilaksanakan bilabila masa sahaja untuk program rakyat termasuk subsidi bersasar menteri ekonomi rafizi ramli bagaimanapun berkata sebarang keputusan akan diputuskan kerajaan pada masa yang sesuai bagi elakkan spekulasi padu astroradionews,0
524,kalau mak dapat duit anak beri itu kira pendapatan la kan padu,0
525,padu pengkalan data utama tak paham bahasa melayu rupanya,1
526,padu ni kan kalau kita sembang jenis architecture yang ideal 100 apibased atau sembang babi terbang dengan mengambil kira sistemsistem gomen yang rasa ada yang legasi dan proses it gomen yang saya rasa perlukan banyak pembaharuan 23 tahun baru golive kot,2
527,ada yang masih belum isi ke padu,1
